"k","alpha","ntop","lambda","nu","cindex","convergence","cutpoint_abs","z_cutpoint","lp_mean","lp_sd","cindex_dichot"
2,0,NA,0.349,0.056,0.599362995849821,TRUE,-5.89409924306997,0.8,-5.98230802169508,0.110260973281378,0.571542322169675
3,0,NA,0.349,0.056,0.589856191487308,TRUE,0.0758536625740928,1.4,-0.154764944847847,0.164727576729957,0.540874432969791
4,0,NA,0.349,0.056,0.632033587491555,TRUE,0.876438124746077,2,0.529317434025899,0.173560345360089,0.515321880127401
5,0,NA,0.349,0.056,0.602548016600714,TRUE,-2.21691664499622,1.4,-2.45656731193626,0.171179047814314,0.543021909082135
6,0,NA,0.349,0.056,0.641974712865554,TRUE,-7.81655333927104,1.4,-8.1731054936062,0.254680110239402,0.567874722517132
7,0,NA,0.349,0.056,0.651674548788727,TRUE,-2.38678083432108,0.6,-2.53628234043122,0.249169176850228,0.615384615384615
8,0,NA,0.349,0.056,0.65563169578226,TRUE,-2.14242763891627,1.4,-2.60530224597815,0.330624719329912,0.566837177878583
9,0,NA,0.349,0.056,0.651964096129717,TRUE,-8.79436781389668,1.4,-9.2828021036556,0.348881635542084,0.566258083196603
10,0,NA,0.349,0.056,0.653122285493678,TRUE,-4.72021909815401,1.4,-5.18775631822665,0.333955157194748,0.561504681015346
11,0,NA,0.349,0.056,0.64959945951163,TRUE,-3.58379159355211,0.8,-3.77323222525165,0.236800789624434,0.611741144677155
12,0,NA,0.349,0.056,0.653025769713348,TRUE,-6.75207670578971,1.2,-7.13223648633032,0.31679981711717,0.576923076923077
2,0.05,NA,0.349,0.056,0.643229418009845,TRUE,-7.21354146832365,0.6,-7.28024902471086,0.111179260645355,0.591738249203745
3,0.05,NA,0.349,0.056,0.613647331338674,TRUE,4.46126251057046,2,3.96984288069809,0.245709814936182,0.505235981082907
4,0.05,NA,0.349,0.056,0.652687964482193,TRUE,-9.48950361802642,0.8,-9.73332033401984,0.304770894991776,0.596877714506322
5,0.05,NA,0.349,0.056,0.647765659685359,TRUE,0.241713738445423,1,-0.081073090273119,0.322786828718542,0.578394942573111
6,0.05,NA,0.349,0.056,0.644870186275456,TRUE,-2.54936174260489,1.2,-2.73095381528635,0.151326727234553,0.555279413184056
7,0.05,NA,0.349,0.056,0.659878390116784,TRUE,-7.39284845859557,0.8,-7.65807855439285,0.331537619746603,0.600424669433452
8,0.05,NA,0.349,0.056,0.65563169578226,TRUE,-5.64674554646085,1.6,-6.20316111215805,0.347759728560749,0.547799440208474
9,0.05,NA,0.349,0.056,0.660264453238104,TRUE,-8.75473262125532,1,-9.20766343229814,0.452930811042821,0.618617894025673
10,0.05,NA,0.349,0.056,0.669095647138307,TRUE,-9.42029532992739,1,-9.90712990756646,0.486834577639071,0.610462310587781
11,0.05,NA,0.349,0.056,0.674404015056462,TRUE,-1.88460702827168,0.8,-2.22530247542439,0.425869308940886,0.622623298909372
12,0.05,NA,0.349,0.056,0.659540584885629,TRUE,-6.11786391473734,0.8,-6.42916138708359,0.389121840432814,0.594223530547245
2,0.1,NA,0.349,0.056,0.664800694913618,TRUE,-3.27845970523776,0.2,-3.31284222387737,0.171912593198044,0.609352379113985
3,0.1,NA,0.349,0.056,0.67218415210887,TRUE,-8.56619422125119,0.4,-8.72583830885871,0.399110219018806,0.637945179036773
4,0.1,NA,0.349,0.056,0.674017951935141,TRUE,-11.7812409284293,2,-12.53766482691,0.378211949240351,0.535638451886884
5,0.1,NA,0.349,0.056,0.671025962744909,TRUE,-12.6143685588367,0.8,-12.905605498503,0.364046174582838,0.597480938133385
6,0.1,NA,0.349,0.056,0.687674934851848,TRUE,-4.90048955163962,0.6,-5.05821400647276,0.262874091388568,0.617845767783032
7,0.1,NA,0.349,0.056,0.686130682366567,TRUE,-12.2374644333176,2,-13.0637201495636,0.413127858123009,0.535155872985233
8,0.1,NA,0.349,0.056,0.667551394653026,TRUE,0.771539316988466,2,0.21703442064133,0.277252448173568,0.532767107422063
9,0.1,NA,0.349,0.056,0.670881189074414,TRUE,-10.0495013015448,1.4,-10.7505593414405,0.500755742782591,0.568357301418782
10,0.1,NA,0.349,0.056,0.701959270340701,TRUE,-13.4996809164685,1,-13.8886728577675,0.388991941298969,0.597770485474375
11,0.1,NA,0.349,0.056,0.679422835633626,TRUE,-1.46904487721183,0.8,-1.84893152708611,0.47485831234285,0.619414149213396
12,0.1,NA,0.349,0.056,0.680822314448412,TRUE,-12.085634264828,1.4,-12.7529098754426,0.476625436153331,0.566378727922015
2,0.15,NA,0.349,0.056,0.680050188205772,TRUE,-2.9736116193864,2,-3.47097672455013,0.248682552581864,0.527603513174404
3,0.15,NA,0.349,0.056,0.680725798668082,TRUE,-7.46684219345981,1.8,-8.28960514408825,0.45709052812691,0.548547437506032
4,0.15,NA,0.349,0.056,0.684827719332111,TRUE,-14.3914732869019,0.4,-14.5648881413696,0.433537136169088,0.623805617218415
5,0.15,NA,0.349,0.056,0.691487308174887,TRUE,-15.8498828413038,1,-16.3949968632197,0.545114021915922,0.621971817392144
6,0.15,NA,0.349,0.056,0.713541163980311,TRUE,-4.58986780381631,2,-5.4041845378898,0.407158367036741,0.544035324775601
7,0.15,NA,0.349,0.056,0.702876170253837,TRUE,-16.4836682525809,2,-17.6818031269685,0.599067437193761,0.534986970369655
8,0.15,NA,0.349,0.056,0.707894990831001,TRUE,-13.154575624358,1.8,-13.9314754090185,0.431610991478029,0.55455554483158
9,0.15,NA,0.349,0.056,0.690666924042081,TRUE,-12.9417229084678,1.4,-13.7301072364414,0.563131662838296,0.576054434900106
10,0.15,NA,0.349,0.056,0.717257021523019,TRUE,-13.2078234287117,1.2,-13.7421055418241,0.445235094260326,0.585681883988032
11,0.15,NA,0.349,0.056,0.721262426406718,TRUE,-17.373644955162,1,-17.8210849386876,0.447439983525579,0.635170350352283
12,0.15,NA,0.349,0.056,0.687964482192839,TRUE,-12.1458385597249,1.2,-12.6826099788096,0.447309515903905,0.594923269954638
2,0.2,NA,0.349,0.056,0.686758034938712,TRUE,-11.1676952775106,1.6,-11.6589842239618,0.30705559153198,0.559188302287424
3,0.2,NA,0.349,0.056,0.685889392915742,TRUE,-17.222246494065,1.4,-17.8854960476432,0.473749681127241,0.565727246404787
4,0.2,NA,0.349,0.056,0.69534793938809,TRUE,-15.9779219044345,1.4,-16.6522551512002,0.481666604832628,0.573955216677927
5,0.2,NA,0.349,0.056,0.703600038606312,TRUE,-10.9427492548881,0.8,-11.3872563486997,0.555633867264442,0.620958401698678
6,0.2,NA,0.349,0.056,0.724881768169096,TRUE,-4.70347088991045,2,-5.69749739072691,0.497013250408231,0.54287713541164
7,0.2,NA,0.349,0.056,0.725846925972397,TRUE,-22.5874226411104,2,-23.9683847498588,0.690481054374215,0.545193514139562
8,0.2,NA,0.349,0.056,0.716243605829553,TRUE,-12.0449072037342,1.4,-12.70259069654,0.469773923432754,0.592196699160313
9,0.2,NA,0.349,0.056,0.716388379500048,TRUE,-15.4033840770437,0,-15.4033840770437,0.633470293773976,0.652639706592028
10,0.2,NA,0.349,0.056,0.727005115336357,TRUE,-12.9347445176242,1.4,-13.6526781809829,0.512809759541923,0.584933886690474
11,0.2,NA,0.349,0.056,0.783901167840942,TRUE,-9.45521940281866,1.2,-10.4092538692376,0.79502872201577,0.622912846250362
12,0.2,NA,0.349,0.056,0.725460862851076,TRUE,-16.8178267255591,1,-17.3984449313418,0.580618205782747,0.619076343982241
2,0.25,NA,0.349,0.056,0.690763439822411,TRUE,-12.7097532427011,2,-13.4402158082766,0.365231282787761,0.52632467908503
3,0.25,NA,0.349,0.056,0.707798475050671,TRUE,-7.41042356796958,1.4,-8.17231227956908,0.544206222571074,0.587636328539716
4,0.25,NA,0.349,0.056,0.704758227970273,TRUE,-17.1813220792392,1.4,-17.9172666285121,0.525674678052086,0.578853392529679
5,0.25,NA,0.349,0.056,0.719766431811601,TRUE,-10.4846951992487,0.4,-10.7224846005011,0.594473503131062,0.645039088891034
6,0.25,NA,0.349,0.056,0.733809477849628,TRUE,-8.14000147981538,1.6,-9.05531338536239,0.572069940966886,0.578974037255091
7,0.25,NA,0.349,0.056,0.746308271402374,TRUE,-24.6211967506974,1.2,-25.4873320415808,0.721779409069475,0.616204999517421
8,0.25,NA,0.349,0.056,0.72454396293794,TRUE,-11.0988220236522,1.2,-11.7286770967059,0.524879227544814,0.609352379113985
9,0.25,NA,0.349,0.056,0.739648682559598,TRUE,-15.944098700914,2,-17.387206072335,0.721553685710522,0.542563459125567
10,0.25,NA,0.349,0.056,0.778737573593282,TRUE,20.1109623893095,1.2,19.0850098259003,0.854960469507707,0.63476015828588
11,0.25,NA,0.349,0.056,0.80503812373323,TRUE,-10.1893050783513,1.2,-11.2438987975984,0.878828099372588,0.631285590193997
12,0.25,NA,0.349,0.056,0.82168709584017,TRUE,-25.6717052290602,1,-26.6295186749147,0.957813445854499,0.667913328829264
2,0.3,NA,0.349,0.056,0.698677733809478,TRUE,-13.7417021284339,2,-14.5882527622707,0.423275316918409,0.531319370717112
3,0.3,NA,0.349,0.056,0.715761026927903,TRUE,-7.70875091622509,1.2,-8.41720017572814,0.59037438291921,0.610751857928771
4,0.3,NA,0.349,0.056,0.710356143229418,TRUE,-17.5311473368027,1,-18.0929679376622,0.561820600859502,0.626942380079143
5,0.3,NA,0.349,0.056,0.744136666344947,TRUE,-12.1220801498929,1.6,-13.1682863895304,0.653878899773444,0.575475340218126
6,0.3,NA,0.349,0.056,0.737959656403822,TRUE,-10.0833882381342,1.4,-10.9620229500349,0.627596222786237,0.59743268024322
7,0.3,NA,0.349,0.056,0.764791043335585,TRUE,-22.7178856096519,2,-24.1971705462922,0.739642468320135,0.55226329504874
8,0.3,NA,0.349,0.056,0.778110221021137,TRUE,-19.3769225427012,2,-20.5942942651922,0.608685861245474,0.539354309429592
9,0.3,NA,0.349,0.056,0.757118038799344,TRUE,-19.779254308378,2,-21.249092376427,0.734919034024481,0.542177396004247
10,0.3,NA,0.349,0.056,0.798233761219959,TRUE,11.482288318597,2,9.69299849210697,0.894644913245007,0.540319467232893
11,0.3,NA,0.349,0.056,0.81652350159251,TRUE,-57.3399521347361,1.2,-58.4779160426613,0.948303256604319,0.62366084354792
12,0.3,NA,0.349,0.056,0.847698098639127,TRUE,-30.7849000555691,1.4,-32.3805441144717,1.13974575635902,0.60595019785735
2,0.35,NA,0.349,0.056,0.705096033201428,TRUE,-8.50979713331025,0.8,-8.86808811562707,0.447863727896021,0.606698195154908
3,0.35,NA,0.349,0.056,0.737235788051346,TRUE,-29.3898013197305,1.2,-30.1978705170167,0.673390997738464,0.618690280860921
4,0.35,NA,0.349,0.056,0.739359135218608,TRUE,-20.4359884318351,2,-21.7756469259741,0.66982924706952,0.536869028086092
5,0.35,NA,0.349,0.056,0.765080590676576,TRUE,-14.5565531438187,0.6,-14.9826708079331,0.710196106857223,0.66060225846926
6,0.35,NA,0.349,0.056,0.763584596081459,TRUE,-17.5151987708394,1.4,-18.4732346766232,0.684311361274138,0.603296013898272
7,0.35,NA,0.349,0.056,0.780137052408069,TRUE,-22.2855816503525,1.4,-23.3535365849168,0.762824953260217,0.601317440401506
8,0.35,NA,0.349,0.056,0.783708136280282,TRUE,-30.4386305666188,2,-32.0840931939123,0.822731313646739,0.538751085802529
9,0.35,NA,0.349,0.056,0.771788437409517,TRUE,-21.7536061177173,1.6,-22.9857140505978,0.770067458050299,0.573617411446772
10,0.35,NA,0.349,0.056,0.828781005694431,TRUE,-20.2201865638527,1.4,-21.6146860282205,0.996071045976969,0.616132612682174
11,0.35,NA,0.349,0.056,0.837901746935624,TRUE,-63.4048583124324,1.2,-64.683083455996,1.06518761963634,0.645183862561529
12,0.35,NA,0.349,0.056,0.860438181642699,TRUE,-34.7599119090567,2,-37.2267585160709,1.23342330350711,0.541960235498504
2,0.4,NA,0.349,0.056,0.714651095454107,TRUE,-9.49916369465972,2,-10.4659637662314,0.48340003578582,0.54565196409613
3,0.4,NA,0.349,0.056,0.752437023453335,TRUE,-30.8640264484182,1.2,-31.7112323311017,0.706004902236231,0.616663449473989
4,0.4,NA,0.349,0.056,0.744474471576103,TRUE,-21.4015070143424,1.8,-22.6028769092734,0.667427719406123,0.555617218415211
5,0.4,NA,0.349,0.056,0.783418588939292,TRUE,-16.2847037199141,1,-17.0446741471714,0.759970427257269,0.641564520799151
6,0.4,NA,0.349,0.056,0.782887752147476,TRUE,-18.936752789121,2,-20.4142688293587,0.738758020118867,0.547799440208474
7,0.4,NA,0.349,0.056,0.776710742206351,TRUE,-10.236308201896,2,-11.713550003398,0.738620900750996,0.550984460959367
8,0.4,NA,0.349,0.056,0.837756973265129,TRUE,-32.4707312943802,2,-34.4828286437539,1.00604867468687,0.552745873950391
9,0.4,NA,0.349,0.056,0.782791236367146,TRUE,-23.504801631336,1.4,-24.6308483781789,0.804319104887846,0.60385097963517
10,0.4,NA,0.349,0.056,0.854695492713059,TRUE,-35.6338544071608,2,-37.9961449911606,1.18114529199993,0.54603802721745
11,0.4,NA,0.349,0.056,0.853778592799923,TRUE,-51.1005283037221,1.2,-52.4301442458704,1.10801328512359,0.64088891033684
12,0.4,NA,0.349,0.056,0.830083968728887,TRUE,-20.6580800366842,2,-22.5706328445821,0.956276403948945,0.542032622333751
2,0.45,NA,0.349,0.056,0.719428626580446,TRUE,-7.80733617042266,2,-8.8185453875493,0.505604608563324,0.551056847794614
3,0.45,NA,0.349,0.056,0.767396969404498,TRUE,-33.6304846723627,1.2,-34.5205716305767,0.741739131844954,0.618473120355178
4,0.45,NA,0.349,0.056,0.759337901746936,TRUE,-25.4819510611048,1.8,-26.7454167181463,0.701925365023028,0.564810346491651
5,0.45,NA,0.349,0.056,0.799874529485571,TRUE,-18.8213441105343,0.6,-19.3080910172032,0.81124484444822,0.689460476787955
6,0.45,NA,0.349,0.056,0.802963034456134,TRUE,-21.3127464157373,2,-22.8987840140906,0.793018799176679,0.547799440208474
7,0.45,NA,0.349,0.056,0.785300646655728,TRUE,-9.49369238582422,2,-11.0669342610414,0.786620937608573,0.540150564617315
8,0.45,NA,0.349,0.056,0.856481034649165,TRUE,-38.9667349117105,2,-41.2059663152877,1.11961570178858,0.548668082231445
9,0.45,NA,0.349,0.056,0.792442814400154,TRUE,-24.9530906440528,1.4,-26.1266916285868,0.838286417524257,0.601317440401506
10,0.45,NA,0.349,0.056,0.866615191583824,TRUE,-53.8070617706551,2,-56.3850371339834,1.28898768166414,0.547534021812566
11,0.45,NA,0.349,0.056,0.861741144677155,TRUE,-53.7097104552591,2,-56.0449289281261,1.16760923643353,0.547534021812566
12,0.45,NA,0.349,0.056,0.845574751471866,TRUE,-24.4280851766314,1.4,-25.8886413115176,1.04325438206156,0.635363381912943
2,0.5,NA,0.349,0.056,0.727970273139658,TRUE,-8.01762021834895,1.4,-8.76712391572549,0.53535978384039,0.589349483640575
3,0.5,NA,0.349,0.056,0.780233568188399,TRUE,-34.7499989264151,2,-36.3041874129855,0.777094243285221,0.551370524080687
4,0.5,NA,0.349,0.056,0.754077791718946,TRUE,-27.777095274341,2,-29.1277769955791,0.675340860619067,0.546472348228935
5,0.5,NA,0.349,0.056,0.806148055207026,TRUE,-42.666871320625,0.6,-43.1735823384614,0.844518363060736,0.690811697712576
6,0.5,NA,0.349,0.056,0.820432390695879,TRUE,-26.167150576827,1.8,-27.7129598050425,0.858782904564164,0.567295627835151
7,0.5,NA,0.349,0.056,0.792732361741145,TRUE,-10.113756700879,1.6,-11.4303067771762,0.822843797685754,0.581748865939581
8,0.5,NA,0.349,0.056,0.843065341183283,TRUE,-39.6823148046246,2,-41.7431782209895,1.03043170818245,0.547172087636329
9,0.5,NA,0.349,0.056,0.853682077019593,TRUE,-31.0750188760943,1.4,-32.6742674851002,1.14232043500424,0.621392722710163
10,0.5,NA,0.349,0.056,0.85614322941801,TRUE,-41.2401336100294,2,-43.5738907781799,1.16687858407526,0.53732747804266
11,0.5,NA,0.349,0.056,0.87385387510858,TRUE,-59.4186328638766,2,-61.945663123374,1.26351512974868,0.553493871247949
12,0.5,NA,0.349,0.056,0.825837274394363,TRUE,-17.8222670908246,1.8,-19.4831679297117,0.922722688270652,0.566981951549078
2,0.55,NA,0.349,0.056,0.733230383167648,TRUE,-9.05890043288239,1,-9.62081288954497,0.561912456662583,0.614226426020654
3,0.55,NA,0.349,0.056,0.790802046134543,TRUE,-35.0611792153146,2,-36.6777184844167,0.808269634551024,0.549440208474085
4,0.55,NA,0.349,0.056,0.76387414342245,TRUE,-20.0786210335046,2,-21.4888273661074,0.705103166301388,0.557885339252968
5,0.55,NA,0.349,0.056,0.832110800115819,TRUE,-52.3450303771295,1,-53.3328410710934,0.987810693963876,0.655462793166683
6,0.55,NA,0.349,0.056,0.855226329504874,TRUE,-48.9302431181433,1.8,-51.0368394960663,1.17033132106838,0.56374867290802
7,0.55,NA,0.349,0.056,0.799343692693755,TRUE,-10.4434074935902,1.6,-11.8057862193527,0.851486703601551,0.581748865939581
8,0.55,NA,0.349,0.056,0.883167647910433,TRUE,-73.1667463169991,2,-76.0362112197922,1.43473245139656,0.555303542129138
9,0.55,NA,0.349,0.056,0.855033297944214,TRUE,-35.7735548090119,1.4,-37.3796750424658,1.14722873818139,0.621392722710163
10,0.55,NA,0.349,0.056,0.852427371875302,TRUE,-44.3361339650877,2,-46.5641635121135,1.1140147735129,0.536096901843451
11,0.55,NA,0.349,0.056,0.892143615481131,TRUE,-71.4873591410962,2,-74.4450299938767,1.47883542639021,0.554724447447158
12,0.55,NA,0.349,0.056,0.884470610944889,TRUE,-73.2622151509562,1.8,-75.8939373123681,1.46206786745105,0.559670881189074
2,0.6,NA,0.349,0.056,0.737235788051346,TRUE,-9.90807292654292,0.8,-10.3709878728065,0.578643682829459,0.630754753402181
3,0.6,NA,0.349,0.056,0.801032718849532,TRUE,-34.662598742838,2,-36.3265901580399,0.831995707600961,0.549440208474085
4,0.6,NA,0.349,0.056,0.772464047871827,TRUE,-20.3339128497275,1.8,-21.6649750044219,0.739478974830224,0.56565485956954
5,0.6,NA,0.349,0.056,0.852813434996622,TRUE,-59.516139302506,2,-61.7651937591235,1.12452722830874,0.547847698098639
6,0.6,NA,0.349,0.056,0.861355081555834,TRUE,-58.1384765566841,1.8,-60.3288694481361,1.21688493969552,0.569129427661423
7,0.6,NA,0.349,0.056,0.80465206061191,TRUE,-9.9581182769816,2,-11.7119668134807,0.876924268249527,0.54632757455844
8,0.6,NA,0.349,0.056,0.89059936299585,TRUE,-77.8452997579863,2,-80.8604829368987,1.50759158945619,0.555303542129138
9,0.6,NA,0.349,0.056,0.871054917479008,TRUE,-57.3280575407535,1.4,-59.1603046234244,1.30874791619353,0.619003957146994
10,0.6,NA,0.349,0.056,0.892047099700801,TRUE,-81.1472045639688,2,-84.1106309686323,1.48171320233175,0.544228356336261
11,0.6,NA,0.349,0.056,0.883264163690763,TRUE,-57.6640334257086,1.8,-60.1251309949277,1.36727642734395,0.56374867290802
12,0.6,NA,0.349,0.056,0.893012257504102,TRUE,-78.3203201429831,1.2,-80.1935279110864,1.56100647341945,0.654304603802722
2,0.65,NA,0.349,0.056,0.74119293504488,TRUE,-10.4135090096474,1,-11.0131633020706,0.599654292423174,0.631020171798089
3,0.65,NA,0.349,0.056,0.808657465495608,TRUE,-34.401294145638,2,-36.1214745025169,0.860090178439473,0.54632757455844
4,0.65,NA,0.349,0.056,0.783901167840942,TRUE,-24.0478619231335,1.8,-25.5043477296931,0.809158781421993,0.556172184152109
5,0.65,NA,0.349,0.056,0.843499662194769,TRUE,-58.5522165389967,2,-60.6723849954081,1.06008422820571,0.542708232796062
6,0.65,NA,0.349,0.056,0.882443779557958,TRUE,-69.1626519324834,2,-72.0576966476494,1.44752235758299,0.549681497924911
7,0.65,NA,0.349,0.056,0.810443007431715,TRUE,-9.9361573136293,2,-11.7369093594714,0.90037602292105,0.54632757455844
8,0.65,NA,0.349,0.056,0.819032911881093,TRUE,-27.8177483155834,2,-29.6989320770126,0.940591880714603,0.54632757455844
9,0.65,NA,0.349,0.056,0.847939388089953,TRUE,-24.4099325853153,1,-25.3969717639304,0.987039178615122,0.663087539812759
10,0.65,NA,0.349,0.056,0.890116784094199,TRUE,-85.7942214699422,2,-88.7793390245523,1.49255877730503,0.532646462696651
11,0.65,NA,0.349,0.056,0.869993243895377,TRUE,-37.2870354197505,1.8,-39.5868774028689,1.2776899906213,0.567343885725316
12,0.65,NA,0.349,0.056,0.896583341376315,TRUE,-82.3953148044301,1.2,-84.2998844463178,1.58714136823977,0.661133095261075
2,0.7,NA,0.349,0.056,0.744474471576103,TRUE,-11.0194682662539,1,-11.6381738587302,0.618705592476284,0.631020171798089
3,0.7,NA,0.349,0.056,0.816909564713831,TRUE,-34.4595169743816,2,-36.2442883746821,0.892385700150269,0.542032622333751
4,0.7,NA,0.349,0.056,0.791670688157514,TRUE,-24.3106202434114,2,-25.9742126590452,0.831796207816892,0.544228356336261
5,0.7,NA,0.349,0.056,0.845429977801371,TRUE,-57.6546973137033,2,-59.7222408353449,1.03377176082077,0.542708232796062
6,0.7,NA,0.349,0.056,0.886256152880996,TRUE,-73.8715245616121,2,-76.8998796910233,1.51417756470556,0.544783322073159
7,0.7,NA,0.349,0.056,0.81613743847119,TRUE,-39.1272022603874,2,-41.0524026464166,0.962600193014575,0.530909178650709
8,0.7,NA,0.349,0.056,0.823762185117267,TRUE,-29.5235346781212,2,-31.4565136734733,0.966489497676087,0.54632757455844
9,0.7,NA,0.349,0.056,0.890840652446675,TRUE,-84.8421835170198,2,-87.8890127211983,1.52341460208922,0.549681497924911
10,0.7,NA,0.349,0.056,0.909516455940546,TRUE,-95.282924652605,1.4,-97.7076198386746,1.73192513290684,0.615625904835441
11,0.7,NA,0.349,0.056,0.873998648779075,TRUE,-35.1970131087092,2,-37.7798564010855,1.29142164618817,0.536917285976257
12,0.7,NA,0.349,0.056,0.896197278254995,TRUE,-80.1968213489796,1.4,-82.4126730596555,1.58275122191136,0.617773380947785
2,0.75,NA,0.349,0.056,0.747369944986005,TRUE,-10.9557679713407,2,-12.2164441868739,0.630338107766603,0.548836984847022
3,0.75,NA,0.349,0.056,0.824775600810733,TRUE,-34.342717510687,2,-36.1836997553926,0.920491122352776,0.542032622333751
4,0.75,NA,0.349,0.056,0.797365119196989,TRUE,-24.6684806876233,2,-26.3796818530485,0.855600582712605,0.544228356336261
5,0.75,NA,0.349,0.056,0.856770581990155,TRUE,-62.1612760807045,2,-64.4489069941183,1.1438154567069,0.543769906379693
6,0.75,NA,0.349,0.056,0.863478428723096,TRUE,-62.6184860994912,2,-65.0325820808392,1.20704799067398,0.536917285976257
7,0.75,NA,0.349,0.056,0.819708522343403,TRUE,-39.8660893713632,1.8,-41.6350573507131,0.982759988527737,0.568670977704855
8,0.75,NA,0.349,0.056,0.883601968921919,TRUE,-79.1902997800264,2,-82.0594592572343,1.43457973860397,0.553759289643857
9,0.75,NA,0.349,0.056,0.895955988804169,TRUE,-89.864006388477,2,-93.0475173027702,1.59175545714659,0.544783322073159
10,0.75,NA,0.349,0.056,0.89663159926648,TRUE,-40.5168949011632,1.4,-42.5294635509115,1.43754903553447,0.627955795772609
11,0.75,NA,0.349,0.056,0.878245343113599,TRUE,-41.2064633251921,1.2,-42.802270769036,1.32983953653658,0.644508252099218
12,0.75,NA,0.349,0.056,0.894894315220539,TRUE,-80.2072693317677,1.6,-82.7086130604745,1.56333983044174,0.585199305086382
2,0.8,NA,0.349,0.056,0.750024128945083,TRUE,-24.6449329412624,2,-25.9863666393813,0.670716849059439,0.542008493388669
3,0.8,NA,0.349,0.056,0.831579963324004,TRUE,-35.1937295313442,2,-37.0651052905419,0.93568787959884,0.542032622333751
4,0.8,NA,0.349,0.056,0.803445613357784,TRUE,-24.7081638410002,2,-26.4640441571653,0.877940158082559,0.540247080397645
5,0.8,NA,0.349,0.056,0.84523694624071,TRUE,-54.0519665564783,1.8,-55.8759861660452,1.0133442275372,0.55704082617508
6,0.8,NA,0.349,0.056,0.882733326898948,TRUE,-86.3783019209841,1.6,-88.6765383434459,1.43639776403864,0.599387124794904
7,0.8,NA,0.349,0.056,0.826416369076344,TRUE,-39.866988953657,2,-41.8935654038154,1.01328822507921,0.530909178650709
8,0.8,NA,0.349,0.056,0.897258951838626,TRUE,-84.6774441813105,1.6,-87.1986907851042,1.57577912737111,0.585199305086382
9,0.8,NA,0.349,0.056,0.902326030305955,TRUE,-90.5359648971356,2,-93.8002316688576,1.63213338586098,0.544783322073159
10,0.8,NA,0.349,0.056,0.901264356722324,TRUE,-101.892568757423,1.4,-104.151498810849,1.61352146673252,0.618690280860921
11,0.8,NA,0.349,0.056,0.921677444262137,TRUE,-78.2183601389707,1.2,-80.4267597924387,1.84033304455668,0.671677444262137
12,0.8,NA,0.349,0.056,0.91347360293408,TRUE,-89.3074939857634,2,-92.8507883893352,1.7716472017859,0.550453624167551
2,0.85,NA,0.349,0.056,0.756297654666538,TRUE,-25.3728559636894,1.8,-26.6115245469359,0.688149212914744,0.555013994788148
3,0.85,NA,0.349,0.056,0.826657658527169,TRUE,-30.5416138182719,2,-32.3084101833765,0.883398182552327,0.542032622333751
4,0.85,NA,0.349,0.056,0.808174886593958,TRUE,-24.7223194483581,2,-26.5232412429,0.900460897270955,0.540247080397645
5,0.85,NA,0.349,0.056,0.863961007624747,TRUE,-64.4842227072024,1,-65.6790699070483,1.19484719984591,0.676503233278641
6,0.85,NA,0.349,0.056,0.884132805713734,TRUE,-70.3653526073995,2,-73.314219801054,1.47443359682729,0.544107711610848
7,0.85,NA,0.349,0.056,0.825789016504198,TRUE,-8.65898237695814,2,-10.613713063865,0.977365343453424,0.54632757455844
8,0.85,NA,0.349,0.056,0.891468005018821,TRUE,-82.2776463575284,2,-85.2583627761677,1.49035820931963,0.54881285590194
9,0.85,NA,0.349,0.056,0.916948171025963,TRUE,-91.4908241859373,2,-95.0556810995351,1.78242845679889,0.550405366277386
10,0.85,NA,0.349,0.056,0.902036482964965,TRUE,-93.7489132408117,0.8,-95.0693361301167,1.65052861163124,0.725002412894508
11,0.85,NA,0.349,0.056,0.847408551298137,TRUE,-40.2089685454515,1.2,-41.5301075535525,1.10094917341749,0.653291188109256
12,0.85,NA,0.349,0.056,0.903532477560081,TRUE,-77.9524828718678,1.8,-80.9407037917917,1.66012273329109,0.575813145449281
2,0.9,NA,0.349,0.056,0.765418395907731,TRUE,-35.9258376717434,1.4,-36.9450001279104,0.727973182976376,0.58642988128559
3,0.9,NA,0.349,0.056,0.8217836116205,TRUE,-23.7957862941888,2,-25.5980791169135,0.901146411362329,0.54632757455844
4,0.9,NA,0.349,0.056,0.814158864974423,TRUE,-24.7214306840226,1.8,-26.3812837358157,0.922140584329469,0.558560949715278
5,0.9,NA,0.349,0.056,0.855033297944214,TRUE,-51.7550909022295,2,-53.8196453966051,1.0322772471878,0.547847698098639
6,0.9,NA,0.349,0.056,0.899864877907538,TRUE,-85.7610953103025,2,-89.0013137546758,1.62010922218667,0.544107711610848
7,0.9,NA,0.349,0.056,0.83326898947978,TRUE,-39.7560324280912,2,-41.872719143725,1.05834335781688,0.540150564617315
8,0.9,NA,0.349,0.056,0.897403725509121,TRUE,-87.5439402291509,1.8,-90.4022374511039,1.58794290108503,0.575933790174694
9,0.9,NA,0.349,0.056,0.902905124987936,TRUE,-133.735452926005,2,-136.988860885895,1.62670397994466,0.555062252678313
10,0.9,NA,0.349,0.056,0.905318019496188,TRUE,-86.9046973806751,1.4,-89.2335332203281,1.6634541711807,0.622357880513464
11,0.9,NA,0.349,0.056,0.853826850690088,TRUE,-27.0250925832406,1.8,-29.0652652023624,1.1334292328454,0.57694720586816
12,0.9,NA,0.349,0.056,0.903822024901071,TRUE,-93.2974266365618,1.8,-96.3116478506676,1.6745673411699,0.570553035421291
2,0.95,NA,0.349,0.056,0.77545603706206,TRUE,-38.7229429626987,1.4,-39.7919620100586,0.763585033828568,0.599290609014574
3,0.95,NA,0.349,0.056,0.822845285204131,TRUE,-23.5562362871314,1.4,-24.8472773288037,0.922172172623068,0.617604478332207
4,0.95,NA,0.349,0.056,0.819949811794228,TRUE,-24.4683179198396,2,-26.3586320944202,0.945157087290316,0.542032622333751
5,0.95,NA,0.349,0.056,0.834330663063411,TRUE,-36.7332986367683,2,-38.7712170054821,1.01895918435694,0.547606408647814
6,0.95,NA,0.349,0.056,0.848808030112923,TRUE,-27.2165465700008,2,-29.321771229763,1.05261232988106,0.54632757455844
7,0.95,NA,0.349,0.056,0.835923173438857,TRUE,-35.6454788251398,2,-37.6912759944174,1.02289858463879,0.54632757455844
8,0.95,NA,0.349,0.056,0.867483833606795,TRUE,-39.306478439698,1.2,-40.8023394761842,1.24655086373853,0.649623588456713
9,0.95,NA,0.349,0.056,0.89711417816813,TRUE,-76.7076093251033,2,-79.8217363946355,1.55706353476611,0.550405366277386
10,0.95,NA,0.349,0.056,0.905704082617508,TRUE,-83.4384135034161,1.4,-85.7553632168462,1.65496408102149,0.622357880513464
11,0.95,NA,0.349,0.056,0.854743750603224,TRUE,-27.6281659391459,2,-29.8909007489607,1.13136740490737,0.542249782839494
12,0.95,NA,0.349,0.056,0.908165235015925,TRUE,-92.379066107344,2,-95.9354661549629,1.77820002380941,0.550453624167551
2,0,270,0.349,0.056,0.599362995849821,TRUE,-10990.6506533339,1,-11313.6290898103,322.978436476379,0.547268603416659
3,0,270,0.349,0.056,0.589856191487308,TRUE,1992.35297201991,1.4,-3021.38811566107,3581.24363405785,0.541453527651771
4,0,270,0.349,0.056,0.632033587491555,TRUE,10818.9902372158,1.8,6119.97123864954,2610.56611031461,0.526807257986681
5,0,270,0.349,0.056,0.602548016600714,TRUE,-24931.0677734497,1.4,-28669.2727711024,2670.14642689479,0.540826175079625
6,0,270,0.349,0.056,0.641974712865554,TRUE,-32292.4965173461,1.6,-34571.2745439878,1424.23626665107,0.537255091207412
7,0,270,0.349,0.056,0.651674548788727,TRUE,-15844.5229027299,1.2,-18512.1492674205,2223.02197057551,0.575185792877135
8,0,270,0.349,0.056,0.65563169578226,TRUE,-14587.9768600611,1.8,-19426.5060908999,2688.07179491043,0.545048740469067
9,0,270,0.349,0.056,0.651964096129717,TRUE,-35873.3806735386,1.4,-37897.865744553,1446.06076501032,0.566258083196603
10,0,270,0.349,0.056,0.653122285493678,TRUE,-28643.6034717165,1.4,-31553.2165764908,2078.2950748388,0.555520702634881
11,0,270,0.349,0.056,0.64959945951163,TRUE,-29082.55740295,0.8,-30623.1497608118,1925.74044732735,0.614033394459994
12,0,270,0.349,0.056,0.653025769713348,TRUE,-37509.9148736716,1.2,-39625.3067628264,1762.8265742956,0.576923076923077
2,0.05,270,0.349,0.056,0.643229418009845,TRUE,-10069.7350744226,0.8,-10309.5644639837,299.786736951449,0.569805038123733
3,0.05,270,0.349,0.056,0.613647331338674,TRUE,17861.2560216534,1,16464.1385527355,1397.1174689179,0.569756780233568
4,0.05,270,0.349,0.056,0.652687964482193,TRUE,-16092.8791104027,1.2,-17073.1308800745,816.876474726483,0.569081169771258
5,0.05,270,0.349,0.056,0.647765659685359,TRUE,4563.00108149697,1.8,345.386767786058,2343.11906317273,0.532574075861403
6,0.05,270,0.349,0.056,0.644870186275456,TRUE,-9230.46525537532,1.2,-9814.63447819454,486.807685682676,0.553156066016794
7,0.05,270,0.349,0.056,0.659878390116784,TRUE,-29298.8603454399,0.6,-30256.7514647038,1596.48519877306,0.604188784866326
8,0.05,270,0.349,0.056,0.65563169578226,TRUE,-28413.2824029742,1.6,-31517.9049528292,1940.38909365941,0.551032718849532
9,0.05,270,0.349,0.056,0.660264453238104,TRUE,-33567.2305872886,1,-35376.6110346832,1809.38044739462,0.618328346684683
10,0.05,270,0.349,0.056,0.669095647138307,TRUE,-32572.1796967706,1,-34284.1579655767,1711.97826880605,0.610462310587781
11,0.05,270,0.349,0.056,0.674404015056462,TRUE,-10505.5227929208,0.8,-12415.8774969687,2387.94338005981,0.622623298909372
12,0.05,270,0.349,0.056,0.659540584885629,TRUE,-29162.9410937703,0.8,-30646.8495257321,1854.8855399522,0.594223530547245
2,0.1,270,0.349,0.056,0.664800694913618,TRUE,-5153.56604828833,0.8,-5474.47183583636,401.13223443503,0.581700608049416
3,0.1,270,0.349,0.056,0.67218415210887,TRUE,-12050.4111994534,2,-14039.7316701556,994.660235351103,0.52900299198919
4,0.1,270,0.349,0.056,0.674017951935141,TRUE,-17247.6513597848,2,-18755.0334384561,753.691039335626,0.524635652929254
5,0.1,270,0.349,0.056,0.671025962744909,TRUE,-19146.8789084875,1.8,-20190.2583481344,579.655244248326,0.552673487115143
6,0.1,270,0.349,0.056,0.687674934851848,TRUE,-10690.1977783605,1,-11232.9822468296,542.784468469099,0.591303928192259
7,0.1,270,0.349,0.056,0.686130682366567,TRUE,-31596.7043973674,1.8,-33836.1718736895,1244.14859795673,0.561408165235016
8,0.1,270,0.349,0.056,0.667551394653026,TRUE,5815.4664519452,1.6,2060.49398094426,2346.85779437559,0.543601003764115
9,0.1,270,0.349,0.056,0.670881189074414,TRUE,-33542.6242869286,1.4,-35917.1492316182,1696.08924620687,0.568357301418782
10,0.1,270,0.349,0.056,0.701959270340701,TRUE,-17415.4209853176,1,-17922.3116082129,506.890622895248,0.603585561239263
11,0.1,270,0.349,0.056,0.679422835633626,TRUE,-6762.19412144075,1.2,-9818.91144394276,2547.26443541834,0.59714313290223
12,0.1,270,0.349,0.056,0.680822314448412,TRUE,-36481.1728123801,1.4,-38497.0074139736,1439.88185828104,0.571566451114757
2,0.15,270,0.349,0.056,0.680050188205772,TRUE,-4307.95675689327,1.4,-4950.04178950223,458.632166149256,0.564231251809671
3,0.15,270,0.349,0.056,0.680725798668082,TRUE,-10526.9836510977,2,-12440.1497946086,956.583071755459,0.53781005694431
4,0.15,270,0.349,0.056,0.684827719332111,TRUE,-18367.1659571918,1.8,-19695.2605804773,737.830346269708,0.547003185020751
5,0.15,270,0.349,0.056,0.691487308174887,TRUE,-27754.2853868363,1,-29061.2511080335,1306.96572119721,0.603633819129428
6,0.15,270,0.349,0.056,0.713541163980311,TRUE,-9503.22817944915,1.6,-10686.7306344679,739.689034386731,0.555231155293891
7,0.15,270,0.349,0.056,0.702876170253837,TRUE,-29904.7331621718,2,-32451.3843228926,1273.32558036038,0.541163980310781
8,0.15,270,0.349,0.056,0.707894990831001,TRUE,-17499.7063830625,1.8,-18554.2795843747,585.874000729017,0.55455554483158
9,0.15,270,0.349,0.056,0.690666924042081,TRUE,-33055.6906312561,1.4,-35126.6668302988,1479.26871360194,0.562855901939967
10,0.15,270,0.349,0.056,0.717257021523019,TRUE,-17816.4136568546,1.2,-18533.2063771978,597.327266952697,0.582593379017469
11,0.15,270,0.349,0.056,0.721262426406718,TRUE,-23261.2885517887,1,-23863.5899458019,602.301394013146,0.635170350352283
12,0.15,270,0.349,0.056,0.687964482192839,TRUE,-36156.3095918785,1.2,-37754.1962682956,1331.57223034761,0.594923269954638
2,0.2,270,0.349,0.056,0.686758034938712,TRUE,-9739.92122610494,2,-10692.8618447452,476.470309320107,0.526397065920278
3,0.2,270,0.349,0.056,0.685889392915742,TRUE,-20651.6964060568,1.8,-22601.2877278657,1083.10628989383,0.550550139947881
4,0.2,270,0.349,0.056,0.69534793938809,TRUE,-19356.823977921,1.4,-20353.8293807782,712.146716326624,0.561215133674356
5,0.2,270,0.349,0.056,0.703600038606312,TRUE,-20992.9283481202,1.4,-23125.145211036,1523.01204493988,0.582496863237139
6,0.2,270,0.349,0.056,0.724881768169096,TRUE,-9719.38560323642,1.6,-11037.7521641571,823.979100575394,0.57149406427951
7,0.2,270,0.349,0.056,0.725846925972397,TRUE,-29982.4100276144,2,-32287.6213526774,1152.60566253149,0.541598301322266
8,0.2,270,0.349,0.056,0.716243605829553,TRUE,-16725.1673173008,1.4,-17690.5649359616,689.569727614888,0.578515587298523
9,0.2,270,0.349,0.056,0.716388379500048,TRUE,-31425.6273975759,1,-32810.1124916801,1384.48509410419,0.622719814689702
10,0.2,270,0.349,0.056,0.727005115336357,TRUE,-17710.9190705527,1.2,-18556.5551790377,704.696757070819,0.591303928192259
11,0.2,270,0.349,0.056,0.783901167840942,TRUE,-11961.2938429888,1.2,-13258.7845325363,1081.24224128958,0.630368690280861
12,0.2,270,0.349,0.056,0.725460862851076,TRUE,-34713.7139576285,1,-35913.206572384,1199.4926147555,0.619076343982241
2,0.25,270,0.349,0.056,0.690763439822411,TRUE,-9975.85280910678,2,-11024.7709261226,524.459058507893,0.515611427468391
3,0.25,270,0.349,0.056,0.707798475050671,TRUE,-6753.84131203712,2,-8546.98874621225,896.573717087563,0.542322169674742
4,0.25,270,0.349,0.056,0.704758227970273,TRUE,-19480.9615600065,1.4,-20498.4874523579,726.804208822436,0.56862271981469
5,0.25,270,0.349,0.056,0.719766431811601,TRUE,-17448.9971079076,1.4,-19491.674357797,1459.0551784924,0.589180581024998
6,0.25,270,0.349,0.056,0.733809477849628,TRUE,-13541.8994711252,2,-15329.6135054635,893.857017169142,0.54287713541164
7,0.25,270,0.349,0.056,0.746308271402374,TRUE,-29107.5289922413,2,-31190.7447871386,1041.60789744864,0.543190811697713
8,0.25,270,0.349,0.056,0.72454396293794,TRUE,-15092.150713597,1.4,-16181.6520821476,778.215263250442,0.584258276228163
9,0.25,270,0.349,0.056,0.739648682559598,TRUE,-28286.5143869614,1.2,-29805.6238170993,1265.92452511497,0.615022681208378
10,0.25,270,0.349,0.056,0.778737573593282,TRUE,22228.2219099074,1,21224.2098361478,1004.01207375955,0.638813821059743
11,0.25,270,0.349,0.056,0.80503812373323,TRUE,-10837.1173937968,1.2,-12044.6481102052,1006.27559700698,0.628752050960332
12,0.25,270,0.349,0.056,0.82168709584017,TRUE,-20770.361681614,1,-21568.3898074793,798.028125865223,0.667913328829264
2,0.3,270,0.349,0.056,0.698677733809478,TRUE,-10121.0768642609,1.8,-11092.8861494671,539.894047336772,0.523863526686613
3,0.3,270,0.349,0.056,0.715761026927903,TRUE,-7006.37297352082,2,-8853.55836331992,923.592694899554,0.538413280571373
4,0.3,270,0.349,0.056,0.710356143229418,TRUE,-19246.4503630762,1.2,-20163.3714433527,764.100900230417,0.589518386256153
5,0.3,270,0.349,0.056,0.744136666344947,TRUE,-17367.9493102659,1.4,-19096.2271155283,1234.48414661601,0.591810636038992
6,0.3,270,0.349,0.056,0.737959656403822,TRUE,-15370.3095506959,1.8,-17047.406594099,931.72057966837,0.558199015539041
7,0.3,270,0.349,0.056,0.764791043335585,TRUE,-25933.9192682378,2,-27958.6549016807,1012.36781672148,0.552094392433163
8,0.3,270,0.349,0.056,0.778110221021137,TRUE,-26229.7562053636,2,-27979.5318303917,874.887812514054,0.54852330856095
9,0.3,270,0.349,0.056,0.757118038799344,TRUE,-22405.3539031541,2,-24066.8628413285,830.754469087225,0.542177396004247
10,0.3,270,0.349,0.056,0.798233761219959,TRUE,13011.5170922077,2,10911.9595840977,1049.778754055,0.544614419457581
11,0.3,270,0.349,0.056,0.81652350159251,TRUE,-34154.6991172717,1.2,-34854.664157046,583.304199811888,0.629186371971817
12,0.3,270,0.349,0.056,0.847698098639127,TRUE,-18504.2031637229,1,-19201.1287502045,696.925586481617,0.679205675127883
2,0.35,270,0.349,0.056,0.705096033201428,TRUE,-5763.61088161559,2,-6769.16832033707,502.778719360737,0.544662677347746
3,0.35,270,0.349,0.056,0.737235788051346,TRUE,-20327.0366464595,2,-21971.2024644187,822.082908979623,0.534118328346685
4,0.35,270,0.349,0.056,0.739359135218608,TRUE,-22792.0155786302,1.4,-24149.3691702854,969.538279753714,0.587974133770871
5,0.35,270,0.349,0.056,0.765080590676576,TRUE,-16150.4981521189,2,-18343.5520743534,1096.52696111723,0.533177299488466
6,0.35,270,0.349,0.056,0.763584596081459,TRUE,-24603.6018929172,0.8,-25442.022100809,1048.02525986482,0.64653508348615
7,0.35,270,0.349,0.056,0.780137052408069,TRUE,-24920.0543727367,0.6,-25489.0362697212,948.303161640809,0.662604960911109
8,0.35,270,0.349,0.056,0.783708136280282,TRUE,-27335.0356312573,1.2,-28324.0917449472,824.213428074847,0.620572338577357
9,0.35,270,0.349,0.056,0.771788437409517,TRUE,-22526.2183118687,2,-24135.5881474132,804.684917772275,0.547968342824052
10,0.35,270,0.349,0.056,0.828781005694431,TRUE,-15493.9321131316,1.4,-16676.4441778632,844.651474808308,0.622936975195444
11,0.35,270,0.349,0.056,0.837901746935624,TRUE,-31733.8354921396,1.2,-32395.6035677814,551.473396368151,0.644604767879548
12,0.35,270,0.349,0.056,0.860438181642699,TRUE,-17769.8383678468,2,-19047.2478218102,638.704726981666,0.547582279702731
2,0.4,270,0.349,0.056,0.714651095454107,TRUE,-6677.63048866652,2,-7778.93155760431,550.650534468896,0.543335585368208
3,0.4,270,0.349,0.056,0.752437023453335,TRUE,-18967.3306058063,2,-20553.8144588207,793.241926507229,0.529075378824438
4,0.4,270,0.349,0.056,0.744474471576103,TRUE,-18485.6274869352,2,-20074.9720566455,794.672284855174,0.54584499565679
5,0.4,270,0.349,0.056,0.783418588939292,TRUE,-16578.7827849024,1.2,-17761.7120680761,985.774402644697,0.622502654183959
6,0.4,270,0.349,0.056,0.782887752147476,TRUE,-22815.6448283443,1,-23776.7176302821,961.07280193777,0.636907634398224
7,0.4,270,0.349,0.056,0.776710742206351,TRUE,-10554.5342269932,2,-12354.8440152739,900.154894140381,0.552094392433163
8,0.4,270,0.349,0.056,0.837756973265129,TRUE,-20772.3777967836,1.6,-21854.5296131742,676.344885244118,0.592631020171798
9,0.4,270,0.349,0.056,0.782791236367146,TRUE,-22600.6993940986,2,-24172.7555301456,786.028068023492,0.547968342824052
10,0.4,270,0.349,0.056,0.854695492713059,TRUE,-18532.3615704718,2,-19857.2530092178,662.445719373005,0.551828974037255
11,0.4,270,0.349,0.056,0.853778592799923,TRUE,-26052.9748518788,1.6,-26988.781107972,584.878910058296,0.598976932728501
12,0.4,270,0.349,0.056,0.830083968728887,TRUE,-16374.8675836491,2,-17902.5259544603,763.829185405607,0.542032622333751
2,0.45,270,0.349,0.056,0.719428626580446,TRUE,-5134.19709370984,2,-6299.28766424217,582.545285266163,0.542032622333751
3,0.45,270,0.349,0.056,0.767396969404498,TRUE,-18403.4289253573,2,-19916.8234410129,756.697257827805,0.5346491651385
4,0.45,270,0.349,0.056,0.759337901746936,TRUE,-21317.0966568248,2,-22913.3944884004,798.148915787793,0.552649358170061
5,0.45,270,0.349,0.056,0.799874529485571,TRUE,-15855.9056507602,1.8,-17505.3838346739,916.376768840928,0.546206929833028
6,0.45,270,0.349,0.056,0.802963034456134,TRUE,-20866.5865243814,2,-22592.8873306723,863.15040314545,0.545820866711707
7,0.45,270,0.349,0.056,0.785300646655728,TRUE,-8916.66297299834,2,-10660.7495461474,872.043286574526,0.552094392433163
8,0.45,270,0.349,0.056,0.856481034649165,TRUE,-20085.7175538698,2,-21292.837053902,603.559750016095,0.553156066016794
9,0.45,270,0.349,0.056,0.792442814400154,TRUE,-22585.1977219,2,-24132.6970750593,773.74967657964,0.544710935237911
10,0.45,270,0.349,0.056,0.866615191583824,TRUE,-22178.4638823751,2,-23310.0445430139,565.790330319389,0.551828974037255
11,0.45,270,0.349,0.056,0.861741144677155,TRUE,-25181.7430246823,2,-26295.0885314091,556.672753363354,0.547534021812566
12,0.45,270,0.349,0.056,0.845574751471866,TRUE,-15584.5298988948,2,-16979.1554148259,697.312757965589,0.547172087636329
2,0.5,270,0.349,0.056,0.727970273139658,TRUE,-4924.92750020509,1.8,-6053.62028255244,627.051545748527,0.546375832448605
3,0.5,270,0.349,0.056,0.780233568188399,TRUE,-17425.5396423861,2,-18895.1831450118,734.821751312823,0.530571373419554
4,0.5,270,0.349,0.056,0.754077791718946,TRUE,-23975.3631933817,2,-25730.8889888641,877.762897741222,0.54039185406814
5,0.5,270,0.349,0.056,0.806148055207026,TRUE,-26103.4995892631,1,-26951.5835417094,848.083952446287,0.636256152880996
6,0.5,270,0.349,0.056,0.820432390695879,TRUE,-20749.3232884204,2,-22313.1183812326,781.897546406092,0.545820866711707
7,0.5,270,0.349,0.056,0.792732361741145,TRUE,-8998.34718409478,1.6,-10339.7162636431,838.355674717703,0.583100086864202
8,0.5,270,0.349,0.056,0.843065341183283,TRUE,-24049.2215304386,2,-25340.9110949961,645.844782278742,0.559888041694817
9,0.5,270,0.349,0.056,0.853682077019593,TRUE,-18280.9361017735,1.4,-19265.0405139262,702.931722966246,0.635484026638355
10,0.5,270,0.349,0.056,0.85614322941801,TRUE,-21235.9269896183,2,-22444.876843641,604.474927011329,0.53732747804266
11,0.5,270,0.349,0.056,0.87385387510858,TRUE,-24163.5442094292,2,-25209.6191436931,523.037467131961,0.553493871247949
12,0.5,270,0.349,0.056,0.825837274394363,TRUE,-14740.4739655873,1.8,-16114.1749347329,763.167205080919,0.566981951549078
2,0.55,270,0.349,0.056,0.733230383167648,TRUE,-5107.92320298631,2,-6397.17134230985,644.624069661773,0.541260496091111
3,0.55,270,0.349,0.056,0.790802046134543,TRUE,-16647.1143872521,2,-18067.1413290551,710.013470901501,0.526710742206351
4,0.55,270,0.349,0.056,0.76387414342245,TRUE,-19055.961712098,1.8,-20679.8051894788,902.135265211548,0.547727053373227
5,0.55,270,0.349,0.056,0.832110800115819,TRUE,-24936.5871026473,1,-25687.8987275748,751.311624927533,0.647210693948461
6,0.55,270,0.349,0.056,0.855226329504874,TRUE,-20903.861805992,2,-22146.6446117545,621.391402881285,0.547847698098639
7,0.55,270,0.349,0.056,0.799343692693755,TRUE,-9204.6257317026,2,-10874.3880229634,834.881145630408,0.549440208474085
8,0.55,270,0.349,0.056,0.883167647910433,TRUE,-22888.1808390397,2,-23881.5268519549,496.673006457626,0.553156066016794
9,0.55,270,0.349,0.056,0.855033297944214,TRUE,-19992.1278277061,1.4,-20937.1529776541,675.017964248601,0.630682366566934
10,0.55,270,0.349,0.056,0.852427371875302,TRUE,-23919.8315434469,2,-25133.1662267124,606.667341632768,0.531150468101535
11,0.55,270,0.349,0.056,0.892143615481131,TRUE,-22359.616644287,2,-23301.6515102812,471.017432997094,0.544783322073159
12,0.55,270,0.349,0.056,0.884470610944889,TRUE,-24115.5776745301,1.8,-24983.4085922619,482.128287628815,0.559670881189074
2,0.6,270,0.349,0.056,0.737235788051346,TRUE,-5382.98405364588,2,-6692.42580769664,654.720877025382,0.541260496091111
3,0.6,270,0.349,0.056,0.801032718849532,TRUE,-16041.408009719,1.8,-17276.3328880142,686.069376830677,0.55187723192742
4,0.6,270,0.349,0.056,0.772464047871827,TRUE,-17973.4087379714,1.8,-19463.8441328794,828.019663837779,0.544445516842004
5,0.6,270,0.349,0.056,0.852813434996622,TRUE,-22212.50059738,2,-23580.8785621336,684.188982376804,0.538340893736126
6,0.6,270,0.349,0.056,0.861355081555834,TRUE,-22004.2080551049,2,-23190.740593111,593.266269003029,0.547847698098639
7,0.6,270,0.349,0.056,0.80465206061191,TRUE,-8848.55136458639,1.8,-10333.2106512574,824.810714817229,0.567512788340894
8,0.6,270,0.349,0.056,0.89059936299585,TRUE,-23245.879766956,1.2,-23816.6620781055,475.651925957924,0.637366084354792
9,0.6,270,0.349,0.056,0.871054917479008,TRUE,-23447.0974786551,1.4,-24236.5887551663,563.922340365127,0.633408937361259
10,0.6,270,0.349,0.056,0.892047099700801,TRUE,-25236.3524330552,2,-26170.6895417124,467.168554328592,0.549126532188013
11,0.6,270,0.349,0.056,0.883264163690763,TRUE,-22305.0045111342,1.4,-23040.0711031406,525.047565718876,0.619003957146994
12,0.6,270,0.349,0.056,0.893012257504102,TRUE,-23521.6554269938,1.2,-24084.2290679602,468.811367472028,0.654304603802722
2,0.65,270,0.349,0.056,0.74119293504488,TRUE,-5577.22597765259,2,-6922.36218280732,672.568102577364,0.541260496091111
3,0.65,270,0.349,0.056,0.808657465495608,TRUE,-15544.3142264288,1.8,-16777.4613721718,685.081747634998,0.561625325740759
4,0.65,270,0.349,0.056,0.783901167840942,TRUE,-19682.9200133728,1.8,-20911.5638964178,682.579935025006,0.555786121030789
5,0.65,270,0.349,0.056,0.843499662194769,TRUE,-25305.9027507543,1.8,-26470.5676300306,647.036044042394,0.557668178747225
6,0.65,270,0.349,0.056,0.882443779557958,TRUE,-20097.1474519186,1.8,-21030.0145385107,518.259492551167,0.58001158189364
7,0.65,270,0.349,0.056,0.810443007431715,TRUE,-8515.50129590946,2,-10133.0762977752,808.78750093288,0.54632757455844
8,0.65,270,0.349,0.056,0.819032911881093,TRUE,-20490.2596814787,1.8,-21783.9744944022,718.730451624172,0.564134736029341
9,0.65,270,0.349,0.056,0.847939388089953,TRUE,-17421.4730106462,1,-18133.2064564631,711.733445816896,0.663087539812759
10,0.65,270,0.349,0.056,0.890116784094199,TRUE,-26115.1766952676,2,-27026.8220955747,455.822700153522,0.538606312132034
11,0.65,270,0.349,0.056,0.869993243895377,TRUE,-17942.293910243,2,-19188.8675145132,623.286802135101,0.536917285976257
12,0.65,270,0.349,0.056,0.896583341376315,TRUE,-23795.8320258696,1.2,-24345.8732434741,458.367681337045,0.661133095261075
2,0.7,270,0.349,0.056,0.744474471576103,TRUE,-5795.47637213662,2,-7163.83242777999,684.178027821682,0.541260496091111
3,0.7,270,0.349,0.056,0.816909564713831,TRUE,-15172.2349639657,2,-16494.4910256716,661.128030852981,0.526903773767011
4,0.7,270,0.349,0.056,0.791670688157514,TRUE,-19011.5323242102,2,-20358.2199359564,673.343805873117,0.545772608821542
5,0.7,270,0.349,0.056,0.845429977801371,TRUE,-25449.2453401391,1.8,-26585.4789078131,631.240870930014,0.56078081266287
6,0.7,270,0.349,0.056,0.886256152880996,TRUE,-19944.5585448778,2,-20957.2003581107,506.320906616444,0.544783322073159
7,0.7,270,0.349,0.056,0.81613743847119,TRUE,-26117.7068483336,2,-27385.9586058032,634.125878734786,0.530909178650709
8,0.7,270,0.349,0.056,0.823762185117267,TRUE,-20932.7035741038,1.6,-22064.700923323,707.498343261966,0.585633626097867
9,0.7,270,0.349,0.056,0.890840652446675,TRUE,-23827.9044329004,2,-24743.7172424971,457.906404798317,0.543504487983785
10,0.7,270,0.349,0.056,0.909516455940546,TRUE,-23151.2826917125,2,-24008.3141476894,428.515727988446,0.544783322073159
11,0.7,270,0.349,0.056,0.873998648779075,TRUE,-16783.694968646,2,-18018.4147069913,617.359869172649,0.536917285976257
12,0.7,270,0.349,0.056,0.896197278254995,TRUE,-23432.1282460294,1.4,-24080.5971096771,463.192045462678,0.621754656886401
2,0.75,270,0.349,0.056,0.747369944986005,TRUE,-6518.58744063451,1.2,-7329.6249636467,675.864602510157,0.596805327671074
3,0.75,270,0.349,0.056,0.824775600810733,TRUE,-14843.0080011374,2,-16177.494517161,667.243258011793,0.524515008203841
4,0.75,270,0.349,0.056,0.797365119196989,TRUE,-18508.6250006869,2,-19809.5860067519,650.480503032486,0.545772608821542
5,0.75,270,0.349,0.056,0.856770581990155,TRUE,-24006.0659360915,2,-25200.1169578401,597.025510874326,0.538823472637776
6,0.75,270,0.349,0.056,0.863478428723096,TRUE,-24292.3232413501,2,-25461.6588008598,584.667779754857,0.542828877521475
7,0.75,270,0.349,0.056,0.819708522343403,TRUE,-25733.2317963224,2,-27003.6204360897,635.194319883634,0.530909178650709
8,0.75,270,0.349,0.056,0.883601968921919,TRUE,-25216.4652061043,1.6,-25996.2083204962,487.339446494959,0.602861692886787
9,0.75,270,0.349,0.056,0.895955988804169,TRUE,-23545.3132851548,2,-24416.3298079342,435.508261389696,0.548499179615867
10,0.75,270,0.349,0.056,0.89663159926648,TRUE,-16487.805743778,0.8,-16947.9128229484,575.133848963058,0.722299971045266
11,0.75,270,0.349,0.056,0.878245343113599,TRUE,-18124.4664730472,1.8,-19192.0537538729,593.10404490315,0.572724640478718
12,0.75,270,0.349,0.056,0.894894315220539,TRUE,-23635.1954559405,1.6,-24375.9468756654,462.969637328012,0.585199305086382
2,0.8,270,0.349,0.056,0.750024128945083,TRUE,-12029.6436732053,2,-13173.325848145,571.841087469847,0.537375735932825
3,0.8,270,0.349,0.056,0.831579963324004,TRUE,-14577.3589441386,2,-15896.9870613614,659.814058611399,0.534769809863913
4,0.8,270,0.349,0.056,0.803445613357784,TRUE,-17804.8698828427,2,-19088.6328585909,641.881487874091,0.545772608821542
5,0.8,270,0.349,0.056,0.84523694624071,TRUE,-25619.6175466008,2,-26827.2941335636,603.838293481395,0.543769906379693
6,0.8,270,0.349,0.056,0.882733326898948,TRUE,-24186.5188373353,2,-25151.7270041835,482.604083424105,0.548209632274877
7,0.8,270,0.349,0.056,0.826416369076344,TRUE,-24776.5906340406,2,-26052.9298797162,638.1696228378,0.530909178650709
8,0.8,270,0.349,0.056,0.897258951838626,TRUE,-22935.7259167368,2,-23880.1517642038,472.21292373349,0.559333075957919
9,0.8,270,0.349,0.056,0.902326030305955,TRUE,-22807.0022486417,2,-23662.4466835018,427.722217430056,0.548499179615867
10,0.8,270,0.349,0.056,0.901264356722324,TRUE,-27415.0969776135,0.8,-27764.0221927451,436.156518914544,0.721117652736222
11,0.8,270,0.349,0.056,0.921677444262137,TRUE,-18864.837257082,1.6,-19589.4865668245,452.90581858909,0.59255863333655
12,0.8,270,0.349,0.056,0.91347360293408,TRUE,-21642.2373757635,2,-22503.3528279073,430.557726071941,0.550453624167551
2,0.85,270,0.349,0.056,0.756297654666538,TRUE,-12152.347121576,1.8,-13179.876365238,570.849579812203,0.542466943345237
3,0.85,270,0.349,0.056,0.826657658527169,TRUE,-14621.8473127969,2,-15902.1921860456,640.172436624314,0.550960332014284
4,0.85,270,0.349,0.056,0.808174886593958,TRUE,-17462.1832568515,2,-18740.1670209248,638.991882036629,0.551032718849532
5,0.85,270,0.349,0.056,0.863961007624747,TRUE,-22870.0860214368,1.8,-23913.0249435059,579.410512260622,0.573327864105781
6,0.85,270,0.349,0.056,0.884132805713734,TRUE,-20083.6693534557,2,-21144.046635751,530.188641147628,0.550164076826561
7,0.85,270,0.349,0.056,0.825789016504198,TRUE,-5862.19062319757,2,-7403.9926448652,770.901010833814,0.540150564617315
8,0.85,270,0.349,0.056,0.891468005018821,TRUE,-24225.0508310323,1.6,-24979.0974502866,471.279137033957,0.593692693755429
9,0.85,270,0.349,0.056,0.916948171025963,TRUE,-20740.736506894,2,-21575.1469389162,417.205216011078,0.55416948171026
10,0.85,270,0.349,0.056,0.902036482964965,TRUE,-23645.0302796849,1.2,-24175.4355408226,442.004384281415,0.653822024901071
11,0.85,270,0.349,0.056,0.847408551298137,TRUE,-23459.3049236579,1.2,-24245.6013284299,655.247003976647,0.653291188109256
12,0.85,270,0.349,0.056,0.903532477560081,TRUE,-21343.8575394337,1.8,-22162.0503571794,454.551565414317,0.575813145449281
2,0.9,270,0.349,0.056,0.765418395907731,TRUE,-14571.453742812,0,-14571.453742812,503.757970714595,0.691028858218319
3,0.9,270,0.349,0.056,0.8217836116205,TRUE,-12193.0804641187,2,-13513.0642117259,659.991873803588,0.541936106553422
4,0.9,270,0.349,0.056,0.814158864974423,TRUE,-17531.8127006641,1.4,-18405.4822987124,624.049712891645,0.613454299778014
5,0.9,270,0.349,0.056,0.855033297944214,TRUE,-23720.0199902241,1.8,-24795.6399082759,597.566621139886,0.553156066016794
6,0.9,270,0.349,0.056,0.899864877907538,TRUE,-20986.7567853075,1.8,-21880.3917720426,496.463881519506,0.565172280667889
7,0.9,270,0.349,0.056,0.83326898947978,TRUE,-23433.4753586965,2,-24718.5401137305,642.532377516995,0.536048643953286
8,0.9,270,0.349,0.056,0.897403725509121,TRUE,-23866.811702757,1.6,-24606.9023769564,462.556671374587,0.589180581024998
9,0.9,270,0.349,0.056,0.902905124987936,TRUE,-32647.7995097956,1.4,-33206.6533320784,399.181301630548,0.613936878679664
10,0.9,270,0.349,0.056,0.905318019496188,TRUE,-23068.6296305369,0.8,-23442.9016496375,467.840023875836,0.713975484991796
11,0.9,270,0.349,0.056,0.853826850690088,TRUE,-16394.3682896493,1.6,-17492.6907428281,686.451533236775,0.596009072483351
12,0.9,270,0.349,0.056,0.903822024901071,TRUE,-24592.986821512,1.8,-25392.2196227725,444.018222922466,0.575933790174694
2,0.95,270,0.349,0.056,0.77545603706206,TRUE,-14724.1478563425,0.2,-14825.2972164613,505.746800593914,0.694382781584789
3,0.95,270,0.349,0.056,0.822845285204131,TRUE,-11426.9684083507,2,-12712.3866663051,642.709128977191,0.541936106553422
4,0.95,270,0.349,0.056,0.819949811794228,TRUE,-16907.9221072276,1.8,-18017.3581870411,616.353377674142,0.56633047003185
5,0.95,270,0.349,0.056,0.834330663063411,TRUE,-21070.303057404,0.6,-21442.6881076576,620.641750422594,0.701862754560371
6,0.95,270,0.349,0.056,0.848808030112923,TRUE,-16506.6087762642,2,-17826.6164152827,660.003819509265,0.542225653894412
7,0.95,270,0.349,0.056,0.835923173438857,TRUE,-21789.5167385996,2,-23057.5324555727,634.00785848657,0.545338287810057
8,0.95,270,0.349,0.056,0.867483833606795,TRUE,-19093.6971565033,1.6,-20106.7529475545,633.159869407039,0.592027796544735
9,0.95,270,0.349,0.056,0.89711417816813,TRUE,-22496.7774697975,2,-23414.4083271933,458.815428697927,0.550405366277386
10,0.95,270,0.349,0.056,0.905704082617508,TRUE,-22361.622080049,1.4,-23016.048013035,467.447094990027,0.607180774056558
11,0.95,270,0.349,0.056,0.854743750603224,TRUE,-16393.1047683049,2,-17756.7526186784,681.823925186777,0.551467039861017
12,0.95,270,0.349,0.056,0.908165235015925,TRUE,-22024.273584025,2,-22872.1997047536,423.963060364294,0.550453624167551
