"k","alpha","ntop","lambda","nu","mean_cindex","se_cindex","optimal_z_cutpoint","mean_cindex_dichot","se_cindex_dichot","mean_abs_logrank_z","se_abs_logrank_z"
2,0,NA,0.349,0.056,0.582942230027397,0.0184145952837711,0.8,0.589761827812288,0.0223032461256253,2.28665237539061,0.858261533934366
3,0,NA,0.349,0.056,0.583994187233408,0.0121035102573382,1.4,0.531356037682369,0.00892309718262034,1.36213282191606,0.366625204162631
4,0,NA,0.349,0.056,0.585697544588114,0.0103400831258667,2,0.512349842804186,0.0111650086809629,1.53510655437353,0.929541561748851
5,0,NA,0.349,0.056,0.629410291554617,0.0075354798018501,1.4,0.554252688167586,0.00879917740854344,2.44837241084159,0.49914609223775
6,0,NA,0.349,0.056,0.626334160163982,0.00971773387676529,1.4,0.566613105505555,0.0143883942061765,2.47993304920915,0.417262066281052
7,0,NA,0.349,0.056,0.640257923248401,0.0104574635240385,0.6,0.60563317404728,0.0164190489613856,2.34646040090136,0.382701584099039
8,0,NA,0.349,0.056,0.637162919657307,0.0212821600081769,1.4,0.567694789356322,0.0138200423507695,2.78099495026955,0.535674950969745
9,0,NA,0.349,0.056,0.644921889239683,0.0165943585791151,1.4,0.571853860932455,0.0152064930541888,2.93365415189986,0.586937010611554
10,0,NA,0.349,0.056,0.637213955471271,0.0167722730169681,1.4,0.578634082641587,0.0146972814399794,3.05744275770335,0.545897233784409
11,0,NA,0.349,0.056,0.652589080632191,0.00790038769872918,0.8,0.606426273603212,0.0122774614176331,2.71790535288919,0.425656949962835
12,0,NA,0.349,0.056,0.648527452656404,0.012252955551063,1.2,0.574555754702285,0.0110878417218269,2.61808245634375,0.335132801746689
2,0.05,NA,0.349,0.056,0.626346432692946,0.0196618632370647,0.6,0.597000705905712,0.0123462690366033,1.86824237680131,0.34797064323618
3,0.05,NA,0.349,0.056,0.626432906184014,0.0162728233350308,2,0.530348269945001,0.0114262191022686,2.74855957021256,0.784899825068256
4,0.05,NA,0.349,0.056,0.64017118000069,0.015276290664891,0.8,0.594933039726508,0.0202394380756993,2.5651216160586,0.744688082114929
5,0.05,NA,0.349,0.056,0.638390116390896,0.00710053399184942,1,0.588487088726974,0.0137731550589527,2.49599372859885,0.497369977971359
6,0.05,NA,0.349,0.056,0.651127160597471,0.0134397895918568,1.2,0.588205415272048,0.0155486887575949,2.92115602431788,0.642281391565389
7,0.05,NA,0.349,0.056,0.646082086698729,0.00471541216099857,0.8,0.600875043821216,0.00957103327448458,2.29366927448903,0.262966499588645
8,0.05,NA,0.349,0.056,0.631687578468529,0.025839045952014,1.6,0.563529636884438,0.00821613505354552,3.67796280531635,0.970208403081231
9,0.05,NA,0.349,0.056,0.637161879280999,0.0158359503836683,1,0.599315448261412,0.0105931468976723,3.02427815113184,0.379945300072365
10,0.05,NA,0.349,0.056,0.653665745307412,0.0118925324912718,1,0.593486076303439,0.012102933051703,2.7883833798895,0.45951481408229
11,0.05,NA,0.349,0.056,0.637906307798874,0.0151044773258645,0.8,0.607897915536734,0.0136369130249766,2.75386015964586,0.502471650815447
12,0.05,NA,0.349,0.056,0.648683519010583,0.0115508445129744,0.8,0.609927301218074,0.00693886138139247,2.82695966196953,0.334408078585038
2,0.1,NA,0.349,0.056,0.615984481549454,0.0101404846714701,0.2,0.60131542465656,0.0143911765376331,1.85040801145782,0.159068119571051
3,0.1,NA,0.349,0.056,0.633322903777113,0.00886174735481244,0.4,0.616473243058911,0.0108386480561804,2.21273463671319,0.422873633710907
4,0.1,NA,0.349,0.056,0.645122788579524,0.00947317305957318,2,0.53339176464803,0.00739946556681644,2.73212674805516,0.663142040184139
5,0.1,NA,0.349,0.056,0.639469677576201,0.0121850109916596,0.8,0.596519421283159,0.0167616484291577,2.36222031222563,0.511035427527384
6,0.1,NA,0.349,0.056,0.657757518441371,0.00644896557352261,0.6,0.621043995421171,0.00929824242988499,2.90875713966301,0.439242710339645
7,0.1,NA,0.349,0.056,0.63891082740416,0.0171561293105271,2,0.535968751710483,0.00979360411097977,2.97155533809943,0.663171014902153
8,0.1,NA,0.349,0.056,0.650743690284521,0.0166817581577011,2,0.548768662056978,0.00980122930910844,3.84493619789009,1.34678470689663
9,0.1,NA,0.349,0.056,0.656166543311414,0.0107056479189818,1.4,0.572779673224463,0.013563842579434,2.79843383084657,0.562774357132694
10,0.1,NA,0.349,0.056,0.646722776099245,0.0148900631828338,1,0.59530022660967,0.0104939828816332,2.64240506839707,0.586988043665399
11,0.1,NA,0.349,0.056,0.630543563439263,0.0139278836352225,0.8,0.605130639097753,0.0154513308407614,2.74651581808208,0.572317716053901
12,0.1,NA,0.349,0.056,0.650317925999865,0.0121831760509323,1.4,0.575248803155757,0.0105838430990764,2.85547991178739,0.476735521991193
2,0.15,NA,0.349,0.056,0.625706708363096,0.013909819820155,2,0.528730706119525,0.00782448918609178,1.95955251849076,0.549631046017831
3,0.15,NA,0.349,0.056,0.650377946054515,0.0116273943626357,1.8,0.541087934029261,0.0107696137208631,2.61877095589644,0.735152759032099
4,0.15,NA,0.349,0.056,0.653921916228705,0.0110071568376499,0.4,0.61741121118707,0.0133726796109788,2.4228096283861,0.587377761414592
5,0.15,NA,0.349,0.056,0.650290513908684,0.010556811504632,1,0.58589675446295,0.0131641685042961,2.32876452079864,0.553473397321801
6,0.15,NA,0.349,0.056,0.650382590193127,0.00812577329846378,2,0.536228514001481,0.00966487907634636,2.69240883545638,0.936140857861014
7,0.15,NA,0.349,0.056,0.651628988316486,0.0160760871647014,2,0.535968751710483,0.00979360411097977,3.50368591544916,0.198215445973399
8,0.15,NA,0.349,0.056,0.660174678979651,0.0158357251322532,1.8,0.546153257056778,0.0122253082278364,3.75984645194133,1.09394536825708
9,0.15,NA,0.349,0.056,0.652527048428853,0.00519041971207147,1.4,0.568076702927434,0.0163293119194221,2.78824872200825,0.564144657246362
10,0.15,NA,0.349,0.056,0.643572490721454,0.0116554270570852,1.2,0.586990592173072,0.0109694141913004,2.90381444851115,0.400421104866511
11,0.15,NA,0.349,0.056,0.642592040738081,0.0164940236612396,1,0.600915472247298,0.0108481282432358,3.01233159093948,0.35393647312263
12,0.15,NA,0.349,0.056,0.656149729018992,0.0122519586444854,1.2,0.582160210207887,0.00943041811223369,2.73464284493003,0.257711580500078
2,0.2,NA,0.349,0.056,0.611517919420991,0.017543602853419,1.6,0.550643690493008,0.0167305372004181,2.50236238803914,0.39284174716681
3,0.2,NA,0.349,0.056,0.655985352078055,0.0102528956317662,1.4,0.565844287742787,0.0140867210817976,2.58509160923871,0.573301434395393
4,0.2,NA,0.349,0.056,0.650535599901572,0.0127780765098976,1.4,0.573680098822201,0.010224392130453,3.0123842162266,0.476234832839157
5,0.2,NA,0.349,0.056,0.650616267856142,0.0127935134595924,0.8,0.590844103111368,0.0191233585072757,2.12326037319809,0.598249792199044
6,0.2,NA,0.349,0.056,0.645305922646372,0.00990971294275736,2,0.537714824005147,0.0114304751401526,2.91216144042566,0.416480165797205
7,0.2,NA,0.349,0.056,0.64225880028312,0.0128998687311057,2,0.53644358551865,0.0102684285695308,3.03029367519431,0.275924337835424
8,0.2,NA,0.349,0.056,0.663610184470092,0.0138517034106025,1.4,0.570769793816734,0.0107027921062278,2.91711372689298,0.629704214283499
9,0.2,NA,0.349,0.056,0.671403423226944,0.00928686430158286,0,0.635573123609309,0.0101781994225969,2.57328417386794,0.181962842403054
10,0.2,NA,0.349,0.056,0.656518479136956,0.0124398457727328,1.4,0.57813145357104,0.00991729873376105,2.92730714440198,0.401100332525467
11,0.2,NA,0.349,0.056,0.644177202902637,0.0131061807180934,1.2,0.594257155410186,0.00753192629639433,3.10047151054937,0.147598625153898
12,0.2,NA,0.349,0.056,0.656397225186075,0.0115638016707372,1,0.603002621292231,0.0161075143103709,3.07370381408915,0.50537244667794
2,0.25,NA,0.349,0.056,0.622668001636798,0.0129044978164178,2,0.547126021371804,0.011848473296675,2.48147892945468,0.447246354330034
3,0.25,NA,0.349,0.056,0.661003114356332,0.0112441532666324,1.4,0.564377720504408,0.0104250575014656,2.58679045529079,0.479065632796316
4,0.25,NA,0.349,0.056,0.649536781868669,0.00872451554567314,1.4,0.563669777394681,0.0121253961554761,2.43282222865809,0.530313563437499
5,0.25,NA,0.349,0.056,0.652393528251311,0.0126815630852006,0.4,0.624648219341709,0.0212878151192855,2.45954703403447,0.590346280077262
6,0.25,NA,0.349,0.056,0.645314853028056,0.00872733079171433,1.6,0.549273640487393,0.0167353526726868,2.52329489266471,0.701610661269434
7,0.25,NA,0.349,0.056,0.655608428649931,0.0132878854427524,1.2,0.582550725392853,0.0117539049995915,2.57720824799134,0.382056182388082
8,0.25,NA,0.349,0.056,0.657368485423046,0.0149902753016437,1.2,0.582865637376526,0.00769874287600731,2.92520165361504,0.240141589744641
9,0.25,NA,0.349,0.056,0.672950054272911,0.00874573172551608,2,0.524672302241991,0.00390299096608693,2.88268236392156,0.674682074341037
10,0.25,NA,0.349,0.056,0.650436702224695,0.00875198294463839,1.2,0.573502276565407,0.00834139552993843,2.83032170751574,0.524638520409906
11,0.25,NA,0.349,0.056,0.644677656137921,0.0127605074278243,1.2,0.597674347254224,0.00963523511429131,3.11540750873832,0.253160072624972
12,0.25,NA,0.349,0.056,0.662065050364274,0.010295255905815,1,0.595953636823892,0.0167499817879366,2.8576705243639,0.54542084581238
2,0.3,NA,0.349,0.056,0.643704088182226,0.0101469854327337,2,0.536822777446026,0.00783389449128575,2.56345892527788,0.483557491237865
3,0.3,NA,0.349,0.056,0.660461807170509,0.0114135990524168,1.2,0.582622956060142,0.0100351277227976,2.61751582723003,0.526303507235613
4,0.3,NA,0.349,0.056,0.653719047100912,0.00886301555953677,1,0.597008522644467,0.0188492134424482,2.64754089018318,0.710859966875642
5,0.3,NA,0.349,0.056,0.665731601932284,0.0059631449098832,1.6,0.557705615467825,0.015854187581555,2.89417122610527,0.673828675700361
6,0.3,NA,0.349,0.056,0.648558496596017,0.0115407537725094,1.4,0.569326886824103,0.0118424207441662,2.92272970427016,0.335083270406598
7,0.3,NA,0.349,0.056,0.660127392890332,0.0140485126995291,2,0.533433751863655,0.00525476832335999,3.36917417888021,0.227075967370579
8,0.3,NA,0.349,0.056,0.657339462368517,0.0115844616091718,2,0.527659160067558,0.00148514417217499,3.47005929903622,0.164677705099166
9,0.3,NA,0.349,0.056,0.662297754340341,0.0123928826474177,2,0.528853903197785,0.00141085722869008,3.01228740991544,0.549009010326981
10,0.3,NA,0.349,0.056,0.653560920323563,0.0129665393254515,2,0.540810953133228,0.0147446024223276,3.59120807006231,0.308038482048778
11,0.3,NA,0.349,0.056,0.650545072896321,0.0112344103554044,1.2,0.599364726408025,0.00847992925425885,3.59594415147154,0.49744619096104
12,0.3,NA,0.349,0.056,0.660650197708709,0.0153362057330336,1.4,0.569609307539293,0.00993920831979481,2.88477504027241,0.449347115272767
2,0.35,NA,0.349,0.056,0.643202628634905,0.0119739972842345,0.8,0.599370385964814,0.023934959819212,2.60966641652881,0.856479896263838
3,0.35,NA,0.349,0.056,0.663841403797309,0.0104313653034829,1.2,0.585425914876332,0.011390561513213,2.80181833091857,0.502502461644813
4,0.35,NA,0.349,0.056,0.655860828254499,0.0104775400459426,2,0.52801155550848,0.0065731657806702,2.55969486749171,0.825250569854171
5,0.35,NA,0.349,0.056,0.668551974337783,0.00625288181366917,0.6,0.615920835445432,0.0182831933655001,2.74347505952895,0.734274806873471
6,0.35,NA,0.349,0.056,0.651545445373725,0.0148430887937478,1.4,0.562484684820611,0.0119244935915528,2.73526654550463,0.409189308783417
7,0.35,NA,0.349,0.056,0.655947480908237,0.0130493864722786,1.4,0.572183493334698,0.00835496186883303,3.07529330160268,0.547371926441347
8,0.35,NA,0.349,0.056,0.654244125361735,0.009015985735719,2,0.527315958417559,0.00110481400182784,3.58907686462949,0.16650691937007
9,0.35,NA,0.349,0.056,0.666665390453272,0.0127558210824536,1.6,0.564960521029634,0.0154931868355472,3.254316275964,0.604492584932489
10,0.35,NA,0.349,0.056,0.650313579556417,0.0160886164578749,1.4,0.554014740392064,0.00465325991878199,3.2838851659736,0.957696336903737
11,0.35,NA,0.349,0.056,0.648068435350599,0.00874801202744834,1.2,0.58077477143138,0.0036440501812761,3.09453656434156,0.34304258439517
12,0.35,NA,0.349,0.056,0.658671720313045,0.0168615538529304,2,0.528346565668841,0.00228021495794006,3.54076814544291,0.25759855742937
2,0.4,NA,0.349,0.056,0.645897112216236,0.01106819674416,2,0.54473742438121,0.00938942357289492,3.38651256512303,0.541392015739194
3,0.4,NA,0.349,0.056,0.663339724928408,0.0124244871263372,1.2,0.58911583308238,0.01002360916127,2.7603152784208,0.426694769281896
4,0.4,NA,0.349,0.056,0.657228122938251,0.0129187198298155,1.8,0.553504299389444,0.00981287336430172,3.15199175035679,0.784120703789982
5,0.4,NA,0.349,0.056,0.666320877581829,0.00929535773615701,1,0.592576836418076,0.0132726461356119,2.72288275466683,0.411447650820096
6,0.4,NA,0.349,0.056,0.658572402014988,0.0160928584795713,2,0.528346565668841,0.00228021495794006,3.54076814544291,0.25759855742937
7,0.4,NA,0.349,0.056,0.653004388646388,0.0144024551620019,2,0.528346565668841,0.00228021495794006,3.54076814544291,0.25759855742937
8,0.4,NA,0.349,0.056,0.651215923498024,0.00835125241277041,2,0.528346565668841,0.00228021495794006,3.54076814544291,0.25759855742937
9,0.4,NA,0.349,0.056,0.665960617575803,0.0132785218846222,1.4,0.568611549257756,0.0121948646163903,3.437591785137,0.506624224441447
10,0.4,NA,0.349,0.056,0.647486401073584,0.015803744457576,2,0.540810953133228,0.0147446024223276,3.59120807006231,0.308038482048778
11,0.4,NA,0.349,0.056,0.652749843973879,0.0100630862463797,1.2,0.560222830502111,0.01114836788783,2.43689557443255,0.482687489005943
12,0.4,NA,0.349,0.056,0.65988759559375,0.0191116115646577,2,0.528346565668841,0.00228021495794006,3.54076814544291,0.25759855742937
2,0.45,NA,0.349,0.056,0.647667166242341,0.0105453709178563,2,0.547699509689267,0.0107392311701306,2.79104035370976,0.269953681185993
3,0.45,NA,0.349,0.056,0.659031603062944,0.0120602595090845,1.2,0.590446611321494,0.0112533932283803,2.97290613087594,0.449357396397526
4,0.45,NA,0.349,0.056,0.667505504638592,0.0120507512955821,1.8,0.544203444626909,0.0122187619021115,2.77341967714037,0.921692723947829
5,0.45,NA,0.349,0.056,0.663216436004518,0.010049811490264,0.6,0.611002210828628,0.0181812712564429,2.72989463104689,0.678403872835439
6,0.45,NA,0.349,0.056,0.652722827599289,0.0180993128232283,2,0.528346565668841,0.00228021495794006,3.54076814544291,0.25759855742937
7,0.45,NA,0.349,0.056,0.645354921644392,0.0171574033430388,2,0.541523203845479,0.0154568531345782,2.88111970968003,0.402049878333507
8,0.45,NA,0.349,0.056,0.6501291980468,0.00961973428509185,2,0.528346565668841,0.00228021495794006,3.54076814544291,0.25759855742937
9,0.45,NA,0.349,0.056,0.663637370781823,0.0135192459693208,1.4,0.565335195981403,0.0127802719264763,3.25441092544639,0.666616806765137
10,0.45,NA,0.349,0.056,0.651618249600121,0.0145758365256941,2,0.528346565668841,0.00228021495794006,3.54076814544291,0.25759855742937
11,0.45,NA,0.349,0.056,0.644575523046985,0.010887306514686,2,0.530626780626781,NA,3.79836670287228,NA
12,0.45,NA,0.349,0.056,0.658709398802441,0.0151472175401407,1.4,0.534512784852684,0.00506719742324258,2.40209557244482,0.666568390250175
2,0.5,NA,0.349,0.056,0.651805035769598,0.0110535462372761,1.4,0.568977307331483,0.0101035716526081,2.65320993246365,0.486010979736797
3,0.5,NA,0.349,0.056,0.66103663688594,0.0130348623638166,2,0.527659828268414,0.00148483501057038,3.6758886174317,0.200939163796006
4,0.5,NA,0.349,0.056,0.661189841405724,0.0222769790372682,2,0.527659828268414,0.00148483501057038,3.6758886174317,0.200939163796006
5,0.5,NA,0.349,0.056,0.658605415707823,0.0180241692214919,0.6,0.601881269146526,0.0212290926465277,2.60187197644282,0.737924605573839
6,0.5,NA,0.349,0.056,0.649158452165278,0.018688057607997,1.8,0.528179888663715,0.00132699207816349,3.63809669211164,0.177740967683911
7,0.5,NA,0.349,0.056,0.65106534630692,0.0139681056234317,1.6,0.543791065692894,0.0049903958575965,3.07207753277834,0.409104253797657
8,0.5,NA,0.349,0.056,0.65146655399269,0.0112072461612472,2,0.528346565668841,0.00228021495794006,3.54076814544291,0.25759855742937
9,0.5,NA,0.349,0.056,0.662761234819673,0.0119079038111571,1.4,0.570477252379861,0.0121384201626927,3.39905405246704,0.547535260064985
10,0.5,NA,0.349,0.056,0.643894232510161,0.0153452270953863,2,0.528346565668841,0.00228021495794006,3.54076814544291,0.25759855742937
11,0.5,NA,0.349,0.056,0.638693437569158,0.0149767819350908,2,0.530626780626781,NA,3.79836670287228,NA
12,0.5,NA,0.349,0.056,0.654681702045757,0.0145292831203035,1.8,0.539482656188817,0.0102803769865381,2.73044290969892,1.32924623548013
2,0.55,NA,0.349,0.056,0.659196883683897,0.00832206613077626,1,0.592350561318931,0.011121218810963,2.69250229733778,0.434818276490873
3,0.55,NA,0.349,0.056,0.661149806601134,0.0128916858228999,2,0.538343588952175,0.0121674026116256,4.41980367222196,0.827586519906997
4,0.55,NA,0.349,0.056,0.655869588446516,0.0203070898618622,2,0.527659828268414,0.00148483501057038,3.6758886174317,0.200939163796006
5,0.55,NA,0.349,0.056,0.667164582981286,0.0128647999570771,1,0.592469912561947,0.0154210955580836,2.60146338908447,0.643461334747847
6,0.55,NA,0.349,0.056,0.643005926793611,0.0176296158448651,1.8,0.528179888663715,0.00132699207816349,3.63809669211164,0.177740967683911
7,0.55,NA,0.349,0.056,0.652303067474965,0.010588148637035,1.6,0.536383257364973,0.00740492269170481,2.55138846556327,0.582548420279089
8,0.55,NA,0.349,0.056,0.652223035575407,0.0124254511647265,2,0.528346565668841,0.00228021495794006,3.54076814544291,0.25759855742937
9,0.55,NA,0.349,0.056,0.655900382848227,0.0127374425076239,1.4,0.561217993120601,0.0141398687682176,3.25502324512276,0.681713600183077
10,0.55,NA,0.349,0.056,0.641846119532482,0.018604559200074,2,0.528346565668841,0.00228021495794006,3.54076814544291,0.25759855742937
11,0.55,NA,0.349,0.056,0.638279422205716,0.015490148548141,2,0.530626780626781,NA,3.79836670287228,NA
12,0.55,NA,0.349,0.056,0.654804876946448,0.0148465147506115,1.8,0.535565277271438,0.0141977559039171,2.52898398542584,1.5307051597532
2,0.6,NA,0.349,0.056,0.661782587252894,0.00879204444760924,0.8,0.603618931486679,0.0141906421295938,2.6886796457083,0.672273603011326
3,0.6,NA,0.349,0.056,0.661671902010327,0.0140121446301377,2,0.528346565668841,0.00228021495794006,3.54076814544291,0.25759855742937
4,0.6,NA,0.349,0.056,0.652863240473563,0.015636899155627,1.8,0.535558722423233,0.00721183425438768,3.9347284698202,0.0756523702654911
5,0.6,NA,0.349,0.056,0.666240394667496,0.012524034850265,2,0.540194906901068,0.00956812627428744,3.92902792402566,0.130661221153386
6,0.6,NA,0.349,0.056,0.657170094274488,0.016672937433751,1.8,0.536078782818534,0.00688903652647123,3.89693654450015,0.0819795190537356
7,0.6,NA,0.349,0.056,0.652189054644088,0.0106867483764606,2,0.528346565668841,0.00228021495794006,3.54076814544291,0.25759855742937
8,0.6,NA,0.349,0.056,0.653796559171274,0.0133493186688342,2,0.528346565668841,0.00228021495794006,3.54076814544291,0.25759855742937
9,0.6,NA,0.349,0.056,0.648762976580793,0.0150637773528935,1.4,0.546614817272968,0.00771022110564598,2.94314068604795,0.502648926252971
10,0.6,NA,0.349,0.056,0.635295799466429,0.0160820526393238,2,0.530626780626781,NA,3.79836670287228,NA
11,0.6,NA,0.349,0.056,0.632734402281877,0.0138546824296682,1.8,0.527705054855548,0.000908024279351287,2.83904001589381,0.736219125876062
12,0.6,NA,0.349,0.056,0.645828341241408,0.0170790828725568,1.2,0.557841994434253,0.0127663410627487,2.88640871395844,0.679644004597068
2,0.65,NA,0.349,0.056,0.661628636371159,0.00932693355295935,1,0.592350561318931,0.011121218810963,2.69250229733778,0.434818276490873
3,0.65,NA,0.349,0.056,0.665443080619955,0.0145678714252656,2,0.528346565668841,0.00228021495794006,3.54076814544291,0.25759855742937
4,0.65,NA,0.349,0.056,0.652640628019475,0.0202179139529205,1.8,0.527659828268414,0.00148483501057038,3.6758886174317,0.200939163796006
5,0.65,NA,0.349,0.056,0.660981798140266,0.0118225197159493,2,0.540194906901068,0.00956812627428744,3.92902792402566,0.130661221153386
6,0.65,NA,0.349,0.056,0.654594308948154,0.0159281625394808,2,0.528346565668841,0.00228021495794006,3.54076814544291,0.25759855742937
7,0.65,NA,0.349,0.056,0.648479395406913,0.0110508458143487,2,0.528346565668841,0.00228021495794006,3.54076814544291,0.25759855742937
8,0.65,NA,0.349,0.056,0.654060211479358,0.0131136643102362,2,0.528346565668841,0.00228021495794006,3.54076814544291,0.25759855742937
9,0.65,NA,0.349,0.056,0.655903896921021,0.0179063634019709,1,0.578979829768356,0.0166930599151388,3.08810142187579,0.684161552760518
10,0.65,NA,0.349,0.056,0.648444102106084,0.016532302112059,2,0.530626780626781,NA,3.79836670287228,NA
11,0.65,NA,0.349,0.056,0.632119953121227,0.0163104983121729,1.8,0.527705054855548,0.000908024279351287,2.83904001589381,0.736219125876062
12,0.65,NA,0.349,0.056,0.663596776710461,0.0159414232248237,1.2,0.563271319418033,0.00986572251808508,2.77127687552469,0.547632569361745
2,0.7,NA,0.349,0.056,0.662358735427407,0.00930676179256423,1,0.595073333596159,0.00985882303549438,2.74599554409649,0.450758767094334
3,0.7,NA,0.349,0.056,0.662606853803249,0.0158800180515974,2,0.528346565668841,0.00228021495794006,3.54076814544291,0.25759855742937
4,0.7,NA,0.349,0.056,0.644835891096357,0.0210370177750002,2,0.528346565668841,0.00228021495794006,3.54076814544291,0.25759855742937
5,0.7,NA,0.349,0.056,0.650281162511475,0.0203164505412891,2,0.528346565668841,0.00228021495794006,3.54076814544291,0.25759855742937
6,0.7,NA,0.349,0.056,0.646284366177007,0.0123786394462853,2,0.528346565668841,0.00228021495794006,3.54076814544291,0.25759855742937
7,0.7,NA,0.349,0.056,0.63967046685584,0.0147112537749395,2,0.530626780626781,NA,3.79836670287228,NA
8,0.7,NA,0.349,0.056,0.641655543156013,0.0187693746426677,2,0.528346565668841,0.00228021495794006,3.54076814544291,0.25759855742937
9,0.7,NA,0.349,0.056,0.643090400017025,0.0186044736571497,2,0.530626780626781,NA,3.79836670287228,NA
10,0.7,NA,0.349,0.056,0.64190272071818,0.0152543333060824,1.4,0.534687062483811,0.011608289871869,2.7985700215426,0.867887451553925
11,0.7,NA,0.349,0.056,0.637726415922326,0.0179027590941162,2,0.530626780626781,NA,3.79836670287228,NA
12,0.7,NA,0.349,0.056,0.666040300668595,0.0138530269080798,1.4,0.550529637270955,0.00942207436174538,2.70523346771775,0.666187488078166
2,0.75,NA,0.349,0.056,0.658402923972188,0.0122171578155838,2,0.550512016177307,0.0038662911108822,3.28562744496701,0.555986907055579
3,0.75,NA,0.349,0.056,0.661867135755178,0.0140705447634119,2,0.528346565668841,0.00228021495794006,3.54076814544291,0.25759855742937
4,0.75,NA,0.349,0.056,0.646268872468795,0.0208066806179229,2,0.528346565668841,0.00228021495794006,3.54076814544291,0.25759855742937
5,0.75,NA,0.349,0.056,0.650809246331755,0.0157651843958033,2,0.528346565668841,0.00228021495794006,3.54076814544291,0.25759855742937
6,0.75,NA,0.349,0.056,0.649192716724095,0.0105712229168591,2,0.528346565668841,0.00228021495794006,3.54076814544291,0.25759855742937
7,0.75,NA,0.349,0.056,0.635585355317297,0.0133952495682316,1.8,0.527705054855548,0.000908024279351287,2.83904001589381,0.736219125876062
8,0.75,NA,0.349,0.056,0.635085738138538,0.0181135530955367,2,0.528346565668841,0.00228021495794006,3.54076814544291,0.25759855742937
9,0.75,NA,0.349,0.056,0.637446071631352,0.019876888792004,2,0.530626780626781,NA,3.79836670287228,NA
10,0.75,NA,0.349,0.056,0.665054758561426,0.0211194101117672,1.4,0.553100515583283,0.0116932857135823,2.79715898259489,0.628463691212087
11,0.75,NA,0.349,0.056,0.639164696843186,0.0191322339728134,1.2,0.541265036822491,0.0109088524223628,2.48907031408279,1.01113762638298
12,0.75,NA,0.349,0.056,0.661128595465655,0.0142292121586232,1.6,0.524337092480132,0.0150797743153757,2.49632771987831,0.854290261642253
2,0.8,NA,0.349,0.056,0.661318605329512,0.0120698986579622,2,0.536427832738285,0.00744844351342087,3.11637643278473,0.781800431773816
3,0.8,NA,0.349,0.056,0.656866933156625,0.0126464608211763,2,0.528346565668841,0.00228021495794006,3.54076814544291,0.25759855742937
4,0.8,NA,0.349,0.056,0.659289886032744,0.0216211678346883,2,0.528346565668841,0.00228021495794006,3.54076814544291,0.25759855742937
5,0.8,NA,0.349,0.056,0.642719926214218,0.0189516480662498,1.8,0.528346565668841,0.00228021495794006,3.54076814544291,0.25759855742937
6,0.8,NA,0.349,0.056,0.644500657382974,0.00932805027728321,1.6,0.531648182371471,0.0150860960222993,2.57276099908844,1.11270506480493
7,0.8,NA,0.349,0.056,0.637277747024263,0.0117144410991922,2,0.530626780626781,NA,3.79836670287228,NA
8,0.8,NA,0.349,0.056,0.649571114056041,0.0158684300579166,1.6,0.539562896277455,0.00676614230330661,3.90281364607122,0.918221015286571
9,0.8,NA,0.349,0.056,0.642493993847461,0.0161480219365084,2,0.530626780626781,NA,3.79836670287228,NA
10,0.8,NA,0.349,0.056,0.666562872001491,0.0194024338131231,1.4,0.551141826124594,0.0123009918645792,2.6956785792763,0.726801964777919
11,0.8,NA,0.349,0.056,0.625975017898466,0.0147426298833681,1.2,0.547966659869754,0.00936143174580243,2.56606837346204,0.828914381945213
12,0.8,NA,0.349,0.056,0.651248397354859,0.0205588910570915,2,0.528346565668841,0.00228021495794006,3.54076814544291,0.25759855742937
2,0.85,NA,0.349,0.056,0.663858891561319,0.0128850363824581,1.8,0.557655702441158,0.00111507455316104,2.68790473948165,0.167529428818761
3,0.85,NA,0.349,0.056,0.647509054750428,0.0147496586719629,2,0.528346565668841,0.00228021495794006,3.54076814544291,0.25759855742937
4,0.85,NA,0.349,0.056,0.642130761447575,0.0209444335663342,2,0.528346565668841,0.00228021495794006,3.54076814544291,0.25759855742937
5,0.85,NA,0.349,0.056,0.642416495951129,0.0181384675529749,1,0.559001444192741,0.00998363293794681,2.18242190549668,0.784353423002957
6,0.85,NA,0.349,0.056,0.638580376939515,0.00946515576709946,2,0.528179888663715,0.00132699207816349,3.63809669211164,0.177740967683911
7,0.85,NA,0.349,0.056,0.639339534089214,0.0119442982467057,2,0.530626780626781,NA,3.79836670287228,NA
8,0.85,NA,0.349,0.056,0.644943708414956,0.0195501136968563,2,0.540194906901068,0.00956812627428744,3.92902792402566,0.130661221153386
9,0.85,NA,0.349,0.056,0.640577644838693,0.0183499380921145,2,0.530626780626781,NA,3.79836670287228,NA
10,0.85,NA,0.349,0.056,0.662886178259368,0.0191846000749741,0.8,0.593724273886392,0.0216143739238854,2.64650543889188,0.702958545306884
11,0.85,NA,0.349,0.056,0.638084707967415,0.019344151733521,1.2,0.54515653394401,0.0126230577871126,2.52159540507412,0.987079142225883
12,0.85,NA,0.349,0.056,0.644960601333488,0.0195123329523315,1.8,0.527705054855548,0.000908024279351287,2.83904001589381,0.736219125876062
2,0.9,NA,0.349,0.056,0.666437437898229,0.0117293121927185,1.4,0.571210571938818,0.00780870781760796,2.7698895834333,0.46729874420524
3,0.9,NA,0.349,0.056,0.653584799634024,0.0144408585658738,2,0.532263944586219,0.00619759387531899,2.78879185102978,0.494377736983755
4,0.9,NA,0.349,0.056,0.651510872262564,0.0226710444264328,1.8,0.528179888663715,0.00132699207816349,3.63809669211164,0.177740967683911
5,0.9,NA,0.349,0.056,0.642948669329818,0.0181782684649388,2,0.528346565668841,0.00228021495794006,3.54076814544291,0.25759855742937
6,0.9,NA,0.349,0.056,0.640724907706713,0.0104613972123584,2,0.528179888663715,0.00132699207816349,3.63809669211164,0.177740967683911
7,0.9,NA,0.349,0.056,0.641556340679229,0.0115183612001116,2,0.528346565668841,0.00228021495794006,3.54076814544291,0.25759855742937
8,0.9,NA,0.349,0.056,0.652736147426242,0.0111285301698464,1.8,0.540194906901068,0.00956812627428744,3.92902792402566,0.130661221153386
9,0.9,NA,0.349,0.056,0.638453423364829,0.017986364254462,2,0.530626780626781,NA,3.79836670287228,NA
10,0.9,NA,0.349,0.056,0.657786990707537,0.0189585499012341,1.4,0.546529428367035,0.0129050510664745,2.53118177642538,0.652941361474969
11,0.9,NA,0.349,0.056,0.632941075538166,0.0171472872352592,1.8,0.519632880116707,0.00734157044209351,2.46617525515545,1.1032533003255
12,0.9,NA,0.349,0.056,0.649002201739723,0.0181262190565548,1.8,0.527705054855548,0.000908024279351287,2.83904001589381,0.736219125876062
2,0.95,NA,0.349,0.056,0.655775581664021,0.0118154058721617,1.4,0.564572266810221,0.00570933690465633,2.80235907583117,0.590037036502271
3,0.95,NA,0.349,0.056,0.648527955615612,0.0164035328995797,1.4,0.539904045781363,0.0100027260894806,2.36089156778766,0.79218221174241
4,0.95,NA,0.349,0.056,0.656194355477254,0.0234673362513087,2,0.528346565668841,0.00228021495794006,3.54076814544291,0.25759855742937
5,0.95,NA,0.349,0.056,0.63998106448535,0.0161266785720986,2,0.528346565668841,0.00228021495794006,3.54076814544291,0.25759855742937
6,0.95,NA,0.349,0.056,0.641814371122056,0.0104203045961575,2,0.528346565668841,0.00228021495794006,3.54076814544291,0.25759855742937
7,0.95,NA,0.349,0.056,0.629991053732461,0.0143765121021947,2,0.530626780626781,NA,3.79836670287228,NA
8,0.95,NA,0.349,0.056,0.654162845727086,0.0137345392308945,1.2,0.560962046297903,0.0107898713021016,2.96639834885627,0.588779789955659
9,0.95,NA,0.349,0.056,0.635425459930035,0.0171622543479571,2,0.530626780626781,NA,3.79836670287228,NA
10,0.95,NA,0.349,0.056,0.659453867877914,0.0204674457683709,1.4,0.535062889526263,0.0129780417388305,3.32780129380968,1.15092997593562
11,0.95,NA,0.349,0.056,0.621310544908281,0.017477477570545,2,0.528346565668841,0.00228021495794006,3.54076814544291,0.25759855742937
12,0.95,NA,0.349,0.056,0.630129791125462,0.0231265511930776,2,0.528346565668841,0.00228021495794006,3.54076814544291,0.25759855742937
2,0,270,0.349,0.056,0.563657510499801,0.0250240790113725,1,0.586604455372509,0.0120332832588946,2.17617212928435,0.583256154586224
3,0,270,0.349,0.056,0.57402444734645,0.0114450634382974,1.4,0.533274573884654,0.00875577756791197,1.46298397865324,0.470986964952081
4,0,270,0.349,0.056,0.578751428792178,0.00883473420110412,1.8,0.532258911305743,0.0161405464985915,3.43991535407989,1.89366779300933
5,0,270,0.349,0.056,0.61885534931716,0.0121510628608398,1.4,0.560825104209517,0.00989766011876558,2.60976413837857,0.740244736576624
6,0,270,0.349,0.056,0.614861161536877,0.00705203985832689,1.6,0.542189926365858,0.0112537659973842,2.52368349508925,0.925668603885237
7,0,270,0.349,0.056,0.633195082788509,0.0119956960838567,1.2,0.574802225740145,0.0132420482397163,2.28907161921198,0.479730143133674
8,0,270,0.349,0.056,0.641880177348275,0.0213728207396309,1.8,0.537807505812803,0.0145772153822317,2.66281362179109,0.700350410584997
9,0,270,0.349,0.056,0.642977810690362,0.0193801905027292,1.4,0.56263136300028,0.0127640253667568,2.79899744126702,0.479914085835091
10,0,270,0.349,0.056,0.639389044372571,0.0161558653486926,1.4,0.578634082641587,0.0146972814399794,3.05744275770335,0.545897233784409
11,0,270,0.349,0.056,0.653094591886479,0.00773640770539854,0.8,0.608308843376777,0.00540245639877195,2.7242552540167,0.278804452208256
12,0,270,0.349,0.056,0.648233976245074,0.0124081266112774,1.2,0.575125555272086,0.0114384724575166,2.59166496086858,0.315055574347447
2,0.05,270,0.349,0.056,0.586033447734112,0.0322054348030085,0.8,0.577213913867102,0.0185429037282194,1.81071549658781,0.530592503983079
3,0.05,270,0.349,0.056,0.617829090612748,0.0181891374792069,1,0.579077599411927,0.00552042421860936,2.09726707117621,0.297805565389574
4,0.05,270,0.349,0.056,0.633571831987269,0.0221376621301179,1.2,0.565052315621408,0.0109393368791344,2.14395606851243,0.420810285115104
5,0.05,270,0.349,0.056,0.628582263857325,0.00744263573678953,1.8,0.530168914910495,0.00510689320352679,2.71892683368273,0.361904715847628
6,0.05,270,0.349,0.056,0.647207284547144,0.0134917195021014,1.2,0.592695160416873,0.0144726915403813,3.01917496253736,0.615339315593798
7,0.05,270,0.349,0.056,0.645053922066562,0.00682015967730883,0.6,0.621451155461405,0.0172942423885165,2.43764008498812,0.399283964089929
8,0.05,270,0.349,0.056,0.626531152520444,0.0282572691099293,1.6,0.56006488180678,0.0058596720637041,3.6852330522791,0.972000105158188
9,0.05,270,0.349,0.056,0.636903477348905,0.0163997669287816,1,0.598199371888674,0.0109864160359694,2.89644019682002,0.432225327519776
10,0.05,270,0.349,0.056,0.654327449194922,0.0116213377588924,1,0.593486076303439,0.012102933051703,2.7883833798895,0.45951481408229
11,0.05,270,0.349,0.056,0.637091522246686,0.0150785190595239,0.8,0.596728932214533,0.0109034714403256,2.49654490894209,0.478618274039433
12,0.05,270,0.349,0.056,0.647916114176317,0.0110253610214545,0.8,0.607676116383951,0.00537725704228578,2.76217414234002,0.347123207019265
2,0.1,270,0.349,0.056,0.587476246767068,0.0183448443958939,0.8,0.572560807197346,0.0207762676093371,1.6134431070584,0.334557901352864
3,0.1,270,0.349,0.056,0.62249679406849,0.010702505372866,2,0.527222036084473,0.00518111773301121,2.62856043163593,0.695997319468334
4,0.1,270,0.349,0.056,0.635635249133759,0.0130055536551705,2,0.526430627029699,0.00119797383651815,2.65845505182084,0.504786817089861
5,0.1,270,0.349,0.056,0.635894883435192,0.0130744989436289,1.8,0.548857724069989,0.0103899555744631,2.85457334485359,0.620315708604737
6,0.1,270,0.349,0.056,0.664032561789485,0.00744605480896585,1,0.59282062528637,0.0170426224252815,2.50235680254919,0.624318249183633
7,0.1,270,0.349,0.056,0.636406160137978,0.0186731701821153,1.8,0.557920609715098,0.00747316304063067,3.24305853918493,0.533103000283681
8,0.1,270,0.349,0.056,0.647271970331762,0.0170456675487036,1.6,0.560370891370806,0.017425504714769,3.4601571285949,1.15156805595053
9,0.1,270,0.349,0.056,0.65220318777922,0.0115738682861642,1.4,0.56696311841462,0.0163345731106184,2.61149354422974,0.668189497826558
10,0.1,270,0.349,0.056,0.643833316561842,0.015548558355543,1,0.600303284246117,0.0117316774031147,2.89425417648007,0.637857752375807
11,0.1,270,0.349,0.056,0.630682613948895,0.015416305165126,1.2,0.58973105854128,0.0076477931006777,2.81461676781255,0.200199327689817
12,0.1,270,0.349,0.056,0.649633531882156,0.0123134909725748,1.4,0.575248803155757,0.0105838430990764,2.85547991178739,0.476735521991193
2,0.15,270,0.349,0.056,0.599473201224298,0.0162698550261317,1.4,0.537652761654226,0.00929772426552878,1.65138880701544,0.631659880567565
3,0.15,270,0.349,0.056,0.648231749026508,0.013577610320669,2,0.532596798573091,0.00604256241285357,3.41277319823493,0.3586399931198
4,0.15,270,0.349,0.056,0.651330030987895,0.0123920661876056,1.8,0.544032347962124,0.0133207996467571,2.45723412447472,0.761532318612759
5,0.15,270,0.349,0.056,0.648194362097118,0.010651108559707,1,0.58962352941989,0.0122175805205807,2.46027843412451,0.428681470206428
6,0.15,270,0.349,0.056,0.648575785292644,0.00848495012465036,1.6,0.563294291284101,0.0170857652865804,2.60921178366436,0.618142944375143
7,0.15,270,0.349,0.056,0.653282226691039,0.0120184571922263,2,0.533289674068694,0.00572691288909111,3.78314355955665,0.178022179471398
8,0.15,270,0.349,0.056,0.65936136765472,0.0143802277780691,1.8,0.547945772672632,0.00883521309375332,3.73141321097311,1.06756370113543
9,0.15,270,0.349,0.056,0.650635633527623,0.00512014626287296,1.4,0.568076702927434,0.0163293119194221,2.78824872200825,0.564144657246362
10,0.15,270,0.349,0.056,0.642842080416836,0.0124639378550601,1.2,0.586095737586943,0.0116201067028797,2.85240544571693,0.437907748610639
11,0.15,270,0.349,0.056,0.643147431311364,0.0157312826150395,1,0.598308837176208,0.00849939654985858,2.96142589083319,0.304074070321249
12,0.15,270,0.349,0.056,0.655954993905671,0.0129671747887274,1.2,0.586899546700778,0.0112816860373983,2.85017461915209,0.321089013275823
2,0.2,270,0.349,0.056,0.601288941373927,0.0187430087557542,2,0.541626309914987,0.014060865361759,2.78830071411059,0.757345646038098
3,0.2,270,0.349,0.056,0.660970854630178,0.00786517534108015,1.8,0.537360239370276,0.0153679151308233,2.83385253527634,0.618322354800064
4,0.2,270,0.349,0.056,0.640118116570262,0.0139876075053234,1.4,0.572183994200977,0.0145473037389827,2.91459311073317,0.560408704791578
5,0.2,270,0.349,0.056,0.640279510518473,0.0105522671649284,1.4,0.56163222219831,0.00996669661641144,2.36988585133986,0.332303144897472
6,0.2,270,0.349,0.056,0.640907425765805,0.00861837959825532,1.6,0.546550004994406,0.0181486594289395,2.5092075259123,0.484009265694283
7,0.2,270,0.349,0.056,0.654322318684966,0.0118209973969506,2,0.54473742438121,0.00938942357289492,3.38651256512303,0.541392015739194
8,0.2,270,0.349,0.056,0.660195015273033,0.0111936115668744,1.4,0.571017318569209,0.0105928748089925,2.62366206158206,0.537614411643944
9,0.2,270,0.349,0.056,0.665196570394941,0.0102054317307077,1,0.594937590557756,0.00885880288206671,2.70831493689792,0.457303973860122
10,0.2,270,0.349,0.056,0.655527731206228,0.0105743771350382,1.2,0.588510067618553,0.011217240161364,2.950247680287,0.415669849060862
11,0.2,270,0.349,0.056,0.643374251634217,0.0128957260038063,1.2,0.594257155410186,0.00753192629639433,3.10047151054937,0.147598625153898
12,0.2,270,0.349,0.056,0.656112324901175,0.0114774140187659,1,0.603002621292231,0.0161075143103709,3.07370381408915,0.50537244667794
2,0.25,270,0.349,0.056,0.60191735716157,0.0177022705063242,2,0.542091991736541,0.0100407096852594,2.1808675848054,0.512206150473777
3,0.25,270,0.349,0.056,0.649866384926132,0.0129494270275461,2,0.535697448521292,0.00734849010677088,3.94980155007103,0.0885100060044964
4,0.25,270,0.349,0.056,0.632219694893503,0.0142432334458108,1.4,0.562083239501851,0.0148628798302755,2.51485024723922,0.591648336436793
5,0.25,270,0.349,0.056,0.651118660138469,0.00790169616736638,1.4,0.557377724167862,0.00979918567632216,2.43766523766394,0.381402350727242
6,0.25,270,0.349,0.056,0.646691928889881,0.00878954332457063,2,0.550113251238844,0.00686680574121329,2.76003931223764,0.280969480891117
7,0.25,270,0.349,0.056,0.659880681153713,0.0111072557671159,2,0.553251711427067,0.00230384412848872,4.1255364049554,0.226289852844307
8,0.25,270,0.349,0.056,0.659107662063262,0.0144923182800822,1.4,0.564873887966579,0.0117947380453779,2.92017982930527,0.523248865095695
9,0.25,270,0.349,0.056,0.670590064572516,0.00892804796604296,1.2,0.585731302824927,0.00974733800795484,2.91092651546268,0.242247321653016
10,0.25,270,0.349,0.056,0.650381624762123,0.0085405762732537,1,0.601018697969749,0.0149181130793481,2.78637926946245,0.556915618888567
11,0.25,270,0.349,0.056,0.645756070639155,0.0122703769305331,1.2,0.597674347254224,0.00963523511429131,3.11540750873832,0.253160072624972
12,0.25,270,0.349,0.056,0.660432788947986,0.00997876287675592,1,0.595953636823892,0.0167499817879366,2.8576705243639,0.54542084581238
2,0.3,270,0.349,0.056,0.615841349161396,0.0146578018942817,1.8,0.536005135914336,0.00535821104895016,2.6421630421422,0.43838385221553
3,0.3,270,0.349,0.056,0.648513097134647,0.0124586718133277,2,0.530850319513089,0.0110955738159575,2.67817734071001,1.27653105746579
4,0.3,270,0.349,0.056,0.642030850752604,0.0148584597338994,1.2,0.579580761743383,0.0107171865678874,2.59823441808287,0.345565337311756
5,0.3,270,0.349,0.056,0.665320374897115,0.00442996429059066,1.4,0.566069494617912,0.0107661068112406,2.65244866108585,0.387653053253161
6,0.3,270,0.349,0.056,0.647736439248035,0.0138238204403747,1.8,0.551823494953247,0.0147998816627434,3.05427607232696,0.395817218177911
7,0.3,270,0.349,0.056,0.657210647181901,0.00963953204361231,2,0.540787323962679,0.0101605433358988,4.07509648033599,0.276729777463715
8,0.3,270,0.349,0.056,0.649860061836725,0.0112035732074904,2,0.535952998930118,0.0076015072286584,3.82627818896495,0.2956974783443
9,0.3,270,0.349,0.056,0.662846435989434,0.0124086780275873,2,0.524672302241991,0.00390299096608693,2.88268236392156,0.674682074341037
10,0.3,270,0.349,0.056,0.648818189265021,0.0145062929952474,2,0.540810953133228,0.0147446024223276,3.59120807006231,0.308038482048778
11,0.3,270,0.349,0.056,0.649418724934832,0.0120688675498009,1.2,0.599364726408025,0.00847992925425885,3.59594415147154,0.49744619096104
12,0.3,270,0.349,0.056,0.660323556088072,0.0150789684521695,1,0.595466799040588,0.0129349324389271,2.93296475465571,0.53113788409799
2,0.35,270,0.349,0.056,0.625880114283108,0.00751789904879239,2,0.538223864800728,0.00868389809792313,3.48077016380885,1.77603046113993
3,0.35,270,0.349,0.056,0.656467611457718,0.00996041580844756,2,0.532651799262256,0.00602296711212344,3.57851319158387,0.376526301510994
4,0.35,270,0.349,0.056,0.645775989770027,0.0157216287490641,1.4,0.571875850766631,0.0132895145552725,2.82635842167125,0.489231316916749
5,0.35,270,0.349,0.056,0.662617881848127,0.0106898429934796,2,0.536047987469788,0.00542120684300784,2.86249250882577,0.935874194046506
6,0.35,270,0.349,0.056,0.648287632692516,0.01115853091126,0.8,0.592031003916286,0.0194763490678014,2.58104831990943,0.678547990051396
7,0.35,270,0.349,0.056,0.662136950410667,0.0106879752726207,0.6,0.624808747213522,0.0234118065190088,2.99293382679011,0.811671257228586
8,0.35,270,0.349,0.056,0.650105346963564,0.0083377258784326,1.2,0.588294315840289,0.00855174076513078,3.1474139948571,0.341245228174519
9,0.35,270,0.349,0.056,0.663398577635972,0.0139532730588806,2,0.528346565668841,0.00228021495794006,3.54076814544291,0.25759855742937
10,0.35,270,0.349,0.056,0.645411646300954,0.0160581747132653,1.4,0.554014740392064,0.00465325991878199,3.2838851659736,0.957696336903737
11,0.35,270,0.349,0.056,0.645475447654714,0.00884725312895561,1.2,0.578419151553733,0.00463384101469393,3.00296986445664,0.439998650690245
12,0.35,270,0.349,0.056,0.657444278702075,0.0177468716268755,2,0.528346565668841,0.00228021495794006,3.54076814544291,0.25759855742937
2,0.4,270,0.349,0.056,0.615327051866243,0.0107339668803824,2,0.536839198427247,0.0100742801616243,2.72208777952586,0.648041121281296
3,0.4,270,0.349,0.056,0.662981738618078,0.00841023994738872,2,0.556428637073798,0.00624942560426434,5.06751012658729,0.962601740655772
4,0.4,270,0.349,0.056,0.650977874870465,0.0197480006293986,2,0.53296614110455,0.00977666174761035,3.23890125385028,0.8513218623857
5,0.4,270,0.349,0.056,0.654018347000534,0.0121149699727249,1.2,0.572184918071153,0.0100555211789614,2.53735999175749,0.384617976024991
6,0.4,270,0.349,0.056,0.649096172337884,0.0190489128068026,1,0.57795094343643,0.0190434832849852,2.66077815286878,0.732156584045444
7,0.4,270,0.349,0.056,0.655217062923637,0.012329300332167,2,0.528346565668841,0.00228021495794006,3.54076814544291,0.25759855742937
8,0.4,270,0.349,0.056,0.65049025996404,0.00873967888822066,1.6,0.548200346675088,0.0102670449771548,3.1511814829429,0.482473229335769
9,0.4,270,0.349,0.056,0.665777280733994,0.0127957362308615,2,0.528346565668841,0.00228021495794006,3.54076814544291,0.25759855742937
10,0.4,270,0.349,0.056,0.640966886477707,0.0161676542096826,2,0.528346565668841,0.00228021495794006,3.54076814544291,0.25759855742937
11,0.4,270,0.349,0.056,0.653107090734678,0.012893607343045,1.6,0.539138629435378,0.00815008810724375,2.98928066169857,0.685359743983231
12,0.4,270,0.349,0.056,0.658605159468931,0.0196958046945046,2,0.528346565668841,0.00228021495794006,3.54076814544291,0.25759855742937
2,0.45,270,0.349,0.056,0.623048026519956,0.0132531565859834,2,0.549171460012692,0.0142188533776211,2.36179914199819,0.73991139465955
3,0.45,270,0.349,0.056,0.650251934521403,0.0146551482560694,2,0.542524521707114,0.010729184230084,3.95925836976338,1.05600653889048
4,0.45,270,0.349,0.056,0.648245276534956,0.0184556396080762,2,0.540787323962679,0.0101605433358988,4.07509648033599,0.276729777463715
5,0.45,270,0.349,0.056,0.653737857651682,0.0125700614462772,1.8,0.540490344126384,0.0131017995539589,3.17441366096707,1.43162827337591
6,0.45,270,0.349,0.056,0.647716577580993,0.0218340749772384,2,0.528346565668841,0.00228021495794006,3.54076814544291,0.25759855742937
7,0.45,270,0.349,0.056,0.651881484064091,0.0149764255291576,2,0.541523203845479,0.0154568531345782,2.88111970968003,0.402049878333507
8,0.45,270,0.349,0.056,0.648800869564828,0.00901477643587794,2,0.528346565668841,0.00228021495794006,3.54076814544291,0.25759855742937
9,0.45,270,0.349,0.056,0.665466756539696,0.0138819286549823,2,0.528346565668841,0.00228021495794006,3.54076814544291,0.25759855742937
10,0.45,270,0.349,0.056,0.652398349931794,0.0152337884002005,2,0.528346565668841,0.00228021495794006,3.54076814544291,0.25759855742937
11,0.45,270,0.349,0.056,0.642028826843717,0.0125439306233673,2,0.530626780626781,NA,3.79836670287228,NA
12,0.45,270,0.349,0.056,0.658919859270861,0.014940142842469,2,0.528346565668841,0.00228021495794006,3.54076814544291,0.25759855742937
2,0.5,270,0.349,0.056,0.637804434733277,0.00965349629751716,1.8,0.55290599431022,0.00525331485831834,2.63069680353656,0.140555198355919
3,0.5,270,0.349,0.056,0.658276715214628,0.0154949511997896,2,0.542524521707114,0.010729184230084,3.95925836976338,1.05600653889048
4,0.5,270,0.349,0.056,0.65700517255918,0.0180967172846701,2,0.530626780626781,NA,3.79836670287228,NA
5,0.5,270,0.349,0.056,0.650585107125672,0.0153850870707389,1,0.589622634210358,0.0101965580349341,2.65068942924398,0.504082084937984
6,0.5,270,0.349,0.056,0.641125079990001,0.0227594923751859,2,0.528346565668841,0.00228021495794006,3.54076814544291,0.25759855742937
7,0.5,270,0.349,0.056,0.651357150003913,0.0149906102124956,1.6,0.540143821972829,0.00520546410558983,2.8102947283332,0.659590699078567
8,0.5,270,0.349,0.056,0.648819933864681,0.0107667528549571,2,0.528346565668841,0.00228021495794006,3.54076814544291,0.25759855742937
9,0.5,270,0.349,0.056,0.658562466255397,0.0109639020992239,1.4,0.568777302338678,0.0135463860929412,3.43447315983262,0.452636945356867
10,0.5,270,0.349,0.056,0.639810955296242,0.0156570531401378,2,0.528346565668841,0.00228021495794006,3.54076814544291,0.25759855742937
11,0.5,270,0.349,0.056,0.638554900794152,0.0156955632972164,2,0.530626780626781,NA,3.79836670287228,NA
12,0.5,270,0.349,0.056,0.653835092168253,0.0147720967871083,1.8,0.539482656188817,0.0102803769865381,2.73044290969892,1.32924623548013
2,0.55,270,0.349,0.056,0.642877824439393,0.00766057950438119,2,0.537183498905905,0.00703085709498385,2.92414557708314,0.596248006541428
3,0.55,270,0.349,0.056,0.65553642013447,0.0155880566151883,2,0.542524521707114,0.010729184230084,3.95925836976338,1.05600653889048
4,0.55,270,0.349,0.056,0.639139347370489,0.0172861282191235,1.8,0.529327813509983,0.0153390095837645,3.17419168103289,1.25365789998679
5,0.55,270,0.349,0.056,0.649818150563847,0.0131522410381189,1,0.584487718320092,0.0110079167952514,2.67564406737861,0.420421093848593
6,0.55,270,0.349,0.056,0.641708532222164,0.0159932711002497,2,0.528346565668841,0.00228021495794006,3.54076814544291,0.25759855742937
7,0.55,270,0.349,0.056,0.652069252464442,0.00902703518659107,2,0.528346565668841,0.00228021495794006,3.54076814544291,0.25759855742937
8,0.55,270,0.349,0.056,0.65100747954649,0.0116836845451942,2,0.528346565668841,0.00228021495794006,3.54076814544291,0.25759855742937
9,0.55,270,0.349,0.056,0.654567267941764,0.0104661243987177,1.4,0.561797245358621,0.0120057561021295,3.21423313195139,0.605767318771574
10,0.55,270,0.349,0.056,0.64022517249979,0.0151268736285253,2,0.528346565668841,0.00228021495794006,3.54076814544291,0.25759855742937
11,0.55,270,0.349,0.056,0.643608116105153,0.0163647684228493,2,0.528346565668841,0.00228021495794006,3.54076814544291,0.25759855742937
12,0.55,270,0.349,0.056,0.655335384710477,0.0144194290692716,1.8,0.535565277271438,0.0141977559039171,2.52898398542584,1.5307051597532
2,0.6,270,0.349,0.056,0.645327818604819,0.00840616864516344,2,0.535580934803341,0.00568971858193143,2.57325425771247,0.500533140643911
3,0.6,270,0.349,0.056,0.647477252562041,0.0134850133279121,1.8,0.552643505288361,0.00702907956006742,3.91252916491815,1.06309400905669
4,0.6,270,0.349,0.056,0.64245471708398,0.0190376903185327,1.8,0.523212375210031,0.0178584078080134,2.63011342651923,1.30110324599427
5,0.6,270,0.349,0.056,0.64362506926024,0.011868102708169,2,0.527161731545618,0.0034650490811628,3.16172568695347,0.63664101591881
6,0.6,270,0.349,0.056,0.662375654442248,0.0160914968911186,2,0.528346565668841,0.00228021495794006,3.54076814544291,0.25759855742937
7,0.6,270,0.349,0.056,0.65176870487025,0.0101381282913344,1.8,0.528179888663715,0.00132699207816349,3.63809669211164,0.177740967683911
8,0.6,270,0.349,0.056,0.648399726664702,0.0120579627160331,1.2,0.563973612329999,0.0192125509911828,3.02855411075693,0.918973702170743
9,0.6,270,0.349,0.056,0.646113217222284,0.0127803061683422,1.4,0.544464279638559,0.00733595866405024,2.712611607354,0.545003348978481
10,0.6,270,0.349,0.056,0.63005514636331,0.0149850147778803,2,0.530626780626781,NA,3.79836670287228,NA
11,0.6,270,0.349,0.056,0.631920348311256,0.0145883597210016,1.4,0.5391309265676,0.00946474375080316,2.60997060599432,0.553790066839365
12,0.6,270,0.349,0.056,0.645828341241408,0.0170790828725568,1.2,0.557841994434253,0.0127663410627487,2.88640871395844,0.679644004597068
2,0.65,270,0.349,0.056,0.649162375533196,0.0091871018731924,2,0.535580934803341,0.00568971858193143,2.57325425771247,0.500533140643911
3,0.65,270,0.349,0.056,0.640078629286718,0.0162983561233492,1.8,0.548299113503211,0.0112748415294842,4.11083873959839,0.962656463779077
4,0.65,270,0.349,0.056,0.643801328823825,0.0208596999512267,1.8,0.515313481055213,0.0130994053795374,2.37127357413072,1.17891329533822
5,0.65,270,0.349,0.056,0.64253354970382,0.0120267106545412,1.8,0.527389999248234,0.00201352787970432,3.38540171978535,0.430273047471164
6,0.65,270,0.349,0.056,0.649788707468443,0.0178170930056149,1.8,0.548815334656567,0.0138627280214958,3.82599980729085,2.20411205995221
7,0.65,270,0.349,0.056,0.645496436656093,0.00786830502124221,2,0.528346565668841,0.00228021495794006,3.54076814544291,0.25759855742937
8,0.65,270,0.349,0.056,0.645407141605311,0.0138000191058157,1.8,0.528179888663715,0.00132699207816349,3.63809669211164,0.177740967683911
9,0.65,270,0.349,0.056,0.653694929361534,0.0170006003961638,1,0.576264395130427,0.01333372157751,2.8135540879465,0.645768269962222
10,0.65,270,0.349,0.056,0.644977601818072,0.0172922238502505,2,0.530626780626781,NA,3.79836670287228,NA
11,0.65,270,0.349,0.056,0.63737758947926,0.0161965226977221,2,0.529236657640123,0.00139012298665764,3.8155602441607,0.0171935412884237
12,0.65,270,0.349,0.056,0.663311876425561,0.0159429820675243,1.2,0.563271319418033,0.00986572251808508,2.77127687552469,0.547632569361745
2,0.7,270,0.349,0.056,0.651132702649961,0.00838736249518911,2,0.540367368129065,0.0120248252472414,3.43678971191131,1.86470697034096
3,0.7,270,0.349,0.056,0.633546984226343,0.0158303977307081,2,0.544372206694482,0.0183058559835811,4.6566407276283,1.37347113961477
4,0.7,270,0.349,0.056,0.628906807845159,0.0143796371329223,2,0.528346565668841,0.00228021495794006,3.54076814544291,0.25759855742937
5,0.7,270,0.349,0.056,0.648584729443883,0.022304674033206,1.8,0.528179888663715,0.00132699207816349,3.63809669211164,0.177740967683911
6,0.7,270,0.349,0.056,0.645871758028027,0.0149706369102168,2,0.528346565668841,0.00228021495794006,3.54076814544291,0.25759855742937
7,0.7,270,0.349,0.056,0.644895193955476,0.0123289297623553,2,0.528346565668841,0.00228021495794006,3.54076814544291,0.25759855742937
8,0.7,270,0.349,0.056,0.641415865725465,0.0204423733212922,1.6,0.558565425667219,0.0126673472012119,3.96846327871728,0.344881383355735
9,0.7,270,0.349,0.056,0.640073238165331,0.017653380830677,2,0.528346565668841,0.00228021495794006,3.54076814544291,0.25759855742937
10,0.7,270,0.349,0.056,0.638099108768794,0.0141480084985377,2,0.530626780626781,NA,3.79836670287228,NA
11,0.7,270,0.349,0.056,0.637968614702292,0.0170359512727658,2,0.530626780626781,NA,3.79836670287228,NA
12,0.7,270,0.349,0.056,0.666325200953495,0.013888427928939,1.4,0.550529637270955,0.00942207436174538,2.70523346771775,0.666187488078166
2,0.75,270,0.349,0.056,0.64549187178974,0.0136435874049362,1.2,0.562798419388709,0.0107170043603929,2.1476311758181,0.292837497433257
3,0.75,270,0.349,0.056,0.641363769851893,0.0168305776832394,2,0.524672302241991,0.00390299096608693,2.88268236392156,0.674682074341037
4,0.75,270,0.349,0.056,0.627402580573507,0.0170003042473157,2,0.556220547926709,0.00645751475135364,5.04490050621106,0.985211361032011
5,0.75,270,0.349,0.056,0.641003998060869,0.0114602513521903,2,0.528346565668841,0.00228021495794006,3.54076814544291,0.25759855742937
6,0.75,270,0.349,0.056,0.644231354300804,0.0157060114038159,2,0.528346565668841,0.00228021495794006,3.54076814544291,0.25759855742937
7,0.75,270,0.349,0.056,0.641870818347059,0.0111514079074727,2,0.528346565668841,0.00228021495794006,3.54076814544291,0.25759855742937
8,0.75,270,0.349,0.056,0.631114686765434,0.0216890781870668,1.6,0.560495464362212,0.00598953441033876,3.78070945830818,0.698813838607202
9,0.75,270,0.349,0.056,0.63821078644169,0.0204843859448895,2,0.530626780626781,NA,3.79836670287228,NA
10,0.75,270,0.349,0.056,0.661913711425207,0.0208023478999955,0.8,0.609115068021765,0.0176001790397826,3.08385145641131,0.504767208665203
11,0.75,270,0.349,0.056,0.637970326424337,0.0174972897942859,1.8,0.525093468910629,0.00193255250362781,2.70473406637843,0.867852294252298
12,0.75,270,0.349,0.056,0.660843695180754,0.0141900284331738,1.6,0.524337092480132,0.0150797743153757,2.49632771987831,0.854290261642253
2,0.8,270,0.349,0.056,0.650989327864199,0.0140300460400814,2,0.533831999573731,0.00765690839754608,3.03583082295495,0.270393587835707
3,0.8,270,0.349,0.056,0.644245666927107,0.0205017934887493,2,0.528346565668841,0.00228021495794006,3.54076814544291,0.25759855742937
4,0.8,270,0.349,0.056,0.637416560007994,0.0240202782694943,2,0.528346565668841,0.00228021495794006,3.54076814544291,0.25759855742937
5,0.8,270,0.349,0.056,0.62753820602838,0.0232342883924888,2,0.528346565668841,0.00228021495794006,3.54076814544291,0.25759855742937
6,0.8,270,0.349,0.056,0.642918201496643,0.0161470152249074,2,0.523716936039211,0.00234941467168959,2.14072420684309,1.14244538117045
7,0.8,270,0.349,0.056,0.638678895779987,0.00877702358897769,2,0.517219927683469,0.0110000544851506,3.07541104659929,0.576551005083035
8,0.8,270,0.349,0.056,0.649993059690132,0.0157397757858986,2,0.528346565668841,0.00228021495794006,3.54076814544291,0.25759855742937
9,0.8,270,0.349,0.056,0.642394415270816,0.0183627027426597,2,0.530626780626781,NA,3.79836670287228,NA
10,0.8,270,0.349,0.056,0.666708718676259,0.019009707940146,0.8,0.589597937976034,0.0203927880758987,2.67647617905379,0.714128152225563
11,0.8,270,0.349,0.056,0.62782105446515,0.0136688344995138,1.6,0.523914991858507,0.00384406445933033,2.43063248977441,0.661669107669256
12,0.8,270,0.349,0.056,0.650800970061794,0.0205772383735175,2,0.528346565668841,0.00228021495794006,3.54076814544291,0.25759855742937
2,0.85,270,0.349,0.056,0.650832100404457,0.0138049146857376,1.8,0.536187772780697,0.012520178702624,2.36591732559694,0.838829299583974
3,0.85,270,0.349,0.056,0.635371843182034,0.0191846648585847,2,0.528346565668841,0.00228021495794006,3.54076814544291,0.25759855742937
4,0.85,270,0.349,0.056,0.622631788432047,0.0164709458107827,2,0.533896135893792,0.0226335857713734,3.37402848130949,1.76503837509769
5,0.85,270,0.349,0.056,0.625177914310209,0.0296665571489085,1.8,0.519632880116707,0.00734157044209351,2.46617525515545,1.1032533003255
6,0.85,270,0.349,0.056,0.637190342858196,0.0100851621635226,2,0.528179888663715,0.00132699207816349,3.63809669211164,0.177740967683911
7,0.85,270,0.349,0.056,0.63796220260498,0.00920719413285228,2,0.529236657640123,0.00139012298665764,3.8155602441607,0.0171935412884237
8,0.85,270,0.349,0.056,0.644022900214936,0.0196366938351938,1.6,0.5419864757829,0.00815546279592013,4.3896855728739,1.00505850559835
9,0.85,270,0.349,0.056,0.637003129032984,0.01757824551896,2,0.530626780626781,NA,3.79836670287228,NA
10,0.85,270,0.349,0.056,0.664423044710062,0.0189120652524699,1.2,0.556684872059698,0.00999747730642139,2.75888903053995,0.42434358412372
11,0.85,270,0.349,0.056,0.640322440217413,0.017560936254117,1.2,0.54515653394401,0.0126230577871126,2.52159540507412,0.987079142225883
12,0.85,270,0.349,0.056,0.644960601333488,0.0195123329523315,1.8,0.527705054855548,0.000908024279351287,2.83904001589381,0.736219125876062
2,0.9,270,0.349,0.056,0.658392547913906,0.0101446547441172,0,0.637551745472418,0.0183929521701357,2.48605660463389,0.352213938915996
3,0.9,270,0.349,0.056,0.620632864976569,0.0195081780969752,2,0.523975278007536,0.00665150261924452,2.68243875187557,1.1159279509967
4,0.9,270,0.349,0.056,0.638842367888984,0.0202716453158377,1.4,0.537717150753424,0.01469387537791,3.04176527202105,0.789714928498243
5,0.9,270,0.349,0.056,0.630798682632867,0.0260244154995854,1.8,0.519632880116707,0.00734157044209351,2.46617525515545,1.1032533003255
6,0.9,270,0.349,0.056,0.641717273922603,0.0125289488578112,1.8,0.528179888663715,0.00132699207816349,3.63809669211164,0.177740967683911
7,0.9,270,0.349,0.056,0.638669139476112,0.00938212152708226,2,0.528346565668841,0.00228021495794006,3.54076814544291,0.25759855742937
8,0.9,270,0.349,0.056,0.651573236624748,0.0130638964563006,1.6,0.545045330099356,0.00516426185016045,3.98744247715636,0.827576605343804
9,0.9,270,0.349,0.056,0.635843438896278,0.0166364204015448,1.4,0.535515021825449,0.0101253337000096,2.3714969199878,0.674710083037686
10,0.9,270,0.349,0.056,0.660721055793449,0.0194282389415606,0.8,0.596459260804017,0.0217328604716183,2.87422963212087,0.621378035047344
11,0.9,270,0.349,0.056,0.630872092233421,0.0155013512737013,1.6,0.519632880116707,0.00734157044209351,2.46617525515545,1.1032533003255
12,0.9,270,0.349,0.056,0.649002201739723,0.0181262190565548,1.8,0.527705054855548,0.000908024279351287,2.83904001589381,0.736219125876062
2,0.95,270,0.349,0.056,0.640577530239531,0.0166054984429842,0.2,0.626019793901109,0.0209864586678054,2.44916501776131,0.544217825056742
3,0.95,270,0.349,0.056,0.616432561075853,0.022493957599841,2,0.528346565668841,0.00228021495794006,3.54076814544291,0.25759855742937
4,0.95,270,0.349,0.056,0.630025507516648,0.0281119507164023,1.8,0.515313481055213,0.0130994053795374,2.37127357413072,1.17891329533822
5,0.95,270,0.349,0.056,0.626472872965702,0.0130220775965061,0.6,0.605347934249521,0.00987759577152928,2.44175758124173,0.412906203061677
6,0.95,270,0.349,0.056,0.645558500767461,0.0103872879119653,2,0.528179888663715,0.00132699207816349,3.63809669211164,0.177740967683911
7,0.95,270,0.349,0.056,0.629962397839521,0.0121047500194567,2,0.528346565668841,0.00228021495794006,3.54076814544291,0.25759855742937
8,0.95,270,0.349,0.056,0.656644270020735,0.0159180914570247,1.6,0.528205715122078,0.00631987287760885,3.15080801634233,1.16575369159734
9,0.95,270,0.349,0.056,0.634468544550109,0.0172230330176771,2,0.530626780626781,NA,3.79836670287228,NA
10,0.95,270,0.349,0.056,0.65771374948917,0.0196429931103467,1.4,0.530086586208728,0.00852042464259144,3.15789840842727,1.16232847567689
11,0.95,270,0.349,0.056,0.617780095138519,0.0182509194213819,2,0.528346565668841,0.00228021495794006,3.54076814544291,0.25759855742937
12,0.95,270,0.349,0.056,0.630129791125462,0.0231265511930776,2,0.528346565668841,0.00228021495794006,3.54076814544291,0.25759855742937
