"method","factor","signature_raw","signature","r_RB","p_perm","q_BH","in_main_figure"
"DeSurv","D1 Classical/restCAF","PurIST_BasalLike","PurIST: Basal-like",-0.210537806564297,0.342332883355832,0.42791610419479,TRUE
"DeSurv","D1 Classical/restCAF","PurIST_Classical","PurIST: Classical",0.270259938837921,0.187590620468977,0.267986600669966,TRUE
"DeSurv","D1 Classical/restCAF","DECODER_BasalTumor","DECODER: Basal-like tumor",-0.138026553088496,0.00664966751662417,0.0169378323536653,FALSE
"DeSurv","D1 Classical/restCAF","DECODER_ClassicalTumor","DECODER: Classical tumor",0.288315123019795,4.99975001249937e-05,0.000182423311266869,FALSE
"DeSurv","D1 Classical/restCAF","DECODER_ActivatedStroma","DECODER: Activated Stroma",-0.285028046306242,4.99975001249937e-05,0.000182423311266869,FALSE
"DeSurv","D1 Classical/restCAF","DECODER_NormalStroma","DECODER: Normal Stroma",0.620187553282182,4.99975001249937e-05,0.000182423311266869,FALSE
"DeSurv","D1 Classical/restCAF","DECODER_Immune","DECODER: Immune",0.404432809773124,4.99975001249937e-05,0.000182423311266869,TRUE
"DeSurv","D1 Classical/restCAF","DECODER_Exocrine","DECODER: Exocrine",0.0892098555649958,0.315434228288586,0.401732271876972,TRUE
"DeSurv","D1 Classical/restCAF","DECODER_Endocrine","DECODER: Endocrine",0.564135372566531,4.99975001249937e-05,0.000182423311266869,TRUE
"DeSurv","D1 Classical/restCAF","Moffitt_Basal-like","Moffitt: Basal-like",0.0882564102564103,0.497525123743813,0.581401964384539,TRUE
"DeSurv","D1 Classical/restCAF","Moffitt_Classical","Moffitt: Classical",0.129565833516577,0.303634818259087,0.39393484871211,TRUE
"DeSurv","D1 Classical/restCAF","Moffitt_Activated","Moffitt: Activated",-0.596437136005481,4.99975001249937e-05,0.000182423311266869,TRUE
"DeSurv","D1 Classical/restCAF","Moffitt_Normal","Moffitt: Normal",0.453988584157037,0.00929953502324884,0.0220252145287472,TRUE
"DeSurv","D1 Classical/restCAF","Moffitt_Immune","Moffitt: Immune",0.655979643765903,0.00884955752212389,0.0213337547408344,TRUE
"DeSurv","D1 Classical/restCAF","Collisson_Classical","Collisson: Classical",-0.186344969199179,0.131643417829109,0.20081199329864,TRUE
"DeSurv","D1 Classical/restCAF","Collisson_Exocrine","Collisson: Exocrine",0.0766948123769187,0.565521723913804,0.644265255091676,FALSE
"DeSurv","D1 Classical/restCAF","Collisson_QM","Collisson: QM",-0.28779366700715,0.0832958352082396,0.135481177748342,FALSE
"DeSurv","D1 Classical/restCAF","Bailey_Squamous","Bailey: Squamous",-0.249194639827682,0.0224988750562472,0.046371727215166,TRUE
"DeSurv","D1 Classical/restCAF","Bailey_Immunogenic","Bailey: Immunogenic",0.178411424304648,0.148642567871606,0.221732007322286,FALSE
"DeSurv","D1 Classical/restCAF","Bailey_PancreaticProgenitor","Bailey: Pancreatic Progenitor",0.0302015864929772,0.894555272236388,0.925402005761781,FALSE
"DeSurv","D1 Classical/restCAF","Bailey_ADEX","Bailey: ADEX",0.166091078144881,0.0818459077046148,0.134420551699688,FALSE
"DeSurv","D1 Classical/restCAF","Chan-Seng-Yue_Basal-like A","Chan-Seng-Yue: Basal-like A",-0.0545697617890131,0.585270736463177,0.661466926653667,FALSE
"DeSurv","D1 Classical/restCAF","Chan-Seng-Yue_Basal-like B","Chan-Seng-Yue: Basal-like B",0.0661321171104898,0.547822608869556,0.629413210190554,FALSE
"DeSurv","D1 Classical/restCAF","Chan-Seng-Yue_Classical A","Chan-Seng-Yue: Classical A",0.222316248503839,0.000849957502124894,0.00263779914452553,FALSE
"DeSurv","D1 Classical/restCAF","Chan-Seng-Yue_Classical B","Chan-Seng-Yue: Classical B",0.357866542447886,0.00039998000099995,0.00130113976228899,FALSE
"DeSurv","D1 Classical/restCAF","Maurer_ECM","Maurer: ECM",-0.395872051675972,4.99975001249937e-05,0.000182423311266869,TRUE
"DeSurv","D1 Classical/restCAF","Maurer_Immune","Maurer: Immune",-0.116337958033364,0.0485475726213689,0.0912141892905355,FALSE
"DeSurv","D1 Classical/restCAF","Puleo_Pure Classical","Puleo: Pure Classical",0.169362674202137,0.0152992350382481,0.0344232788360582,FALSE
"DeSurv","D1 Classical/restCAF","Puleo_Immune Classical","Puleo: Immune Classical",0.654755840186304,0.0015999200039998,0.00485368989977467,FALSE
"DeSurv","D1 Classical/restCAF","Puleo_Desmoplastic","Puleo: Desmoplastic",-0.0981627296587927,0.179891005449728,0.258425908491809,FALSE
"DeSurv","D1 Classical/restCAF","Puleo_Stroma Activated","Puleo: Stroma Activated",-0.1873125,0.0243987800609969,0.0495313580185652,FALSE
"DeSurv","D1 Classical/restCAF","Puleo_Pure Basal-like","Puleo Basal-like",-0.36084592034189,9.99950002499875e-05,0.00034613653932688,FALSE
"DeSurv","D1 Classical/restCAF","Puleo_tumor_Basal-like","Puleo: Basal-like",-0.327094849361204,4.99975001249937e-05,0.000182423311266869,FALSE
"DeSurv","D1 Classical/restCAF","Puleo_tumor_Classical","Puleo: Immune Classical",0.207379538552196,4.99975001249937e-05,0.000182423311266869,FALSE
"DeSurv","D1 Classical/restCAF","Elyada_iCAF","Elyada: iCAF",0.123290488431877,0.292085395730213,0.384697838278818,FALSE
"DeSurv","D1 Classical/restCAF","Elyada_myCAF","Elyada: myCAF",-0.177766410912191,0.23688815559222,0.318207970198505,FALSE
"DeSurv","D1 Classical/restCAF","SCISSORS_apCAF","SCISSORS: apCAF",0.790691759918617,0.0031998400079996,0.00909428212799886,FALSE
"DeSurv","D1 Classical/restCAF","SCISSORS_restCAF","SCISSORS: restCAF",0.366404626366676,0.00834958252087396,0.0206171509606338,TRUE
"DeSurv","D1 Classical/restCAF","SCISSORS_proCAF","SCISSORS: proCAF",-0.263433981576254,0.0670966451677416,0.116128808944168,TRUE
"DeSurv","D1 Classical/restCAF","SCISSORS_Perivascular","SCISSORS: Perivascular",0.252926208651399,0.340882955852207,0.42791610419479,FALSE
"DeSurv","D1 Classical/restCAF","SCISSORS_panCAF","SCISSORS: panCAF",-0.21317901810715,0.0851457427128644,0.137660781631577,FALSE
"DeSurv","D1 Classical/restCAF","SCISSORS_Basal-like","SCISSORS: Basal-like",-0.230429941760877,0.0541472926353682,0.0994542109629212,FALSE
"DeSurv","D1 Classical/restCAF","SCISSORS_Classical","SCISSORS: Classical",-0.0184338249019974,0.882905854707265,0.921185600951613,FALSE
"DeSurv","D1 Classical/restCAF","deCAF_proCAF","deCAF: proCAF",-0.0513733468972533,0.861106944652767,0.911760294338224,TRUE
"DeSurv","D1 Classical/restCAF","deCAF_restCAF","deCAF: restCAF",0.223496432212029,0.279386030698465,0.369775628865616,TRUE
"DeSurv","D2 proCAF","PurIST_BasalLike","PurIST: Basal-like",-0.415763044902118,0.055997200139993,0.101154942252887,TRUE
"DeSurv","D2 proCAF","PurIST_Classical","PurIST: Classical",-0.374745158002039,0.0657967101644918,0.115357868470213,TRUE
"DeSurv","D2 proCAF","DECODER_BasalTumor","DECODER: Basal-like tumor",-0.353280237634033,4.99975001249937e-05,0.000182423311266869,FALSE
"DeSurv","D2 proCAF","DECODER_ClassicalTumor","DECODER: Classical tumor",-0.256371383538589,4.99975001249937e-05,0.000182423311266869,FALSE
"DeSurv","D2 proCAF","DECODER_ActivatedStroma","DECODER: Activated Stroma",0.28307872856745,4.99975001249937e-05,0.000182423311266869,FALSE
"DeSurv","D2 proCAF","DECODER_NormalStroma","DECODER: Normal Stroma",-0.143938618925831,0.338183090845458,0.426679600599409,FALSE
"DeSurv","D2 proCAF","DECODER_Immune","DECODER: Immune",0.350471204188482,4.99975001249937e-05,0.000182423311266869,TRUE
"DeSurv","D2 proCAF","DECODER_Exocrine","DECODER: Exocrine",0.237444538846408,0.00679966001699915,0.0171580206036427,TRUE
"DeSurv","D2 proCAF","DECODER_Endocrine","DECODER: Endocrine",0.227885168614587,0.00219989000549973,0.00659967001649918,TRUE
"DeSurv","D2 proCAF","Moffitt_Basal-like","Moffitt: Basal-like",-0.163076923076923,0.206789660516974,0.283417301216157,TRUE
"DeSurv","D2 proCAF","Moffitt_Classical","Moffitt: Classical",-0.421974639009016,0.000649967501624919,0.00206460265222033,TRUE
"DeSurv","D2 proCAF","Moffitt_Activated","Moffitt: Activated",0.222678999657417,0.0615969201539923,0.109415581852486,TRUE
"DeSurv","D2 proCAF","Moffitt_Normal","Moffitt: Normal",0.0967562299874705,0.585520723963802,0.661466926653667,TRUE
"DeSurv","D2 proCAF","Moffitt_Immune","Moffitt: Immune",0.276946564885496,0.293685315734213,0.384927355573969,TRUE
"DeSurv","D2 proCAF","Collisson_Classical","Collisson: Classical",-0.557681538174351,4.99975001249937e-05,0.000182423311266869,TRUE
"DeSurv","D2 proCAF","Collisson_Exocrine","Collisson: Exocrine",0.18260541152985,0.170441477926104,0.247415048602409,FALSE
"DeSurv","D2 proCAF","Collisson_QM","Collisson: QM",0.150578821927136,0.374181290935453,0.461319399783436,FALSE
"DeSurv","D2 proCAF","Bailey_Squamous","Bailey: Squamous",-0.0299460551647891,0.786810659467027,0.849755512224389,TRUE
"DeSurv","D2 proCAF","Bailey_Immunogenic","Bailey: Immunogenic",-0.029820795221206,0.816509174541273,0.871373427376062,FALSE
"DeSurv","D2 proCAF","Bailey_PancreaticProgenitor","Bailey: Pancreatic Progenitor",-0.00502146859762753,0.982400879956002,0.983300834958252,FALSE
"DeSurv","D2 proCAF","Bailey_ADEX","Bailey: ADEX",0.350987821758644,0.000149992500374981,0.000506224688765562,FALSE
"DeSurv","D2 proCAF","Chan-Seng-Yue_Basal-like A","Chan-Seng-Yue: Basal-like A",-0.0537493923189111,0.591570421478926,0.665516724163792,FALSE
"DeSurv","D2 proCAF","Chan-Seng-Yue_Basal-like B","Chan-Seng-Yue: Basal-like B",-0.0751066647050169,0.499575021248938,0.581401964384539,FALSE
"DeSurv","D2 proCAF","Chan-Seng-Yue_Classical A","Chan-Seng-Yue: Classical A",-0.175018487599966,0.0138493075346233,0.0314227986079688,FALSE
"DeSurv","D2 proCAF","Chan-Seng-Yue_Classical B","Chan-Seng-Yue: Classical B",-0.0807366617311883,0.435428228588571,0.527200097394233,FALSE
"DeSurv","D2 proCAF","Maurer_ECM","Maurer: ECM",0.198983140085419,0.000199990000499975,0.000666633334999917,TRUE
"DeSurv","D2 proCAF","Maurer_Immune","Maurer: Immune",0.410750705889209,4.99975001249937e-05,0.000182423311266869,FALSE
"DeSurv","D2 proCAF","Puleo_Pure Classical","Puleo: Pure Classical",-0.42319530664768,4.99975001249937e-05,0.000182423311266869,FALSE
"DeSurv","D2 proCAF","Puleo_Immune Classical","Puleo: Immune Classical",0.363219561895059,0.095695215239238,0.151097708272481,FALSE
"DeSurv","D2 proCAF","Puleo_Desmoplastic","Puleo: Desmoplastic",0.370854027861902,4.99975001249937e-05,0.000182423311266869,FALSE
"DeSurv","D2 proCAF","Puleo_Stroma Activated","Puleo: Stroma Activated",-0.0617291666666666,0.450777461126944,0.540932953352332,FALSE
"DeSurv","D2 proCAF","Puleo_Pure Basal-like","Puleo Basal-like",-0.349217266899607,4.99975001249937e-05,0.000182423311266869,FALSE
"DeSurv","D2 proCAF","Puleo_tumor_Basal-like","Puleo: Basal-like",0.011458066405535,0.833208339583021,0.885693904281164,FALSE
"DeSurv","D2 proCAF","Puleo_tumor_Classical","Puleo: Immune Classical",-0.279642376872783,4.99975001249937e-05,0.000182423311266869,FALSE
"DeSurv","D2 proCAF","Elyada_iCAF","Elyada: iCAF",0.0822005141388176,0.48087595620219,0.566971651417429,FALSE
"DeSurv","D2 proCAF","Elyada_myCAF","Elyada: myCAF",-0.109156010230179,0.467226638668067,0.553294703685868,FALSE
"DeSurv","D2 proCAF","SCISSORS_apCAF","SCISSORS: apCAF",0.0124618514750763,0.967201639918004,0.978069074074386,FALSE
"DeSurv","D2 proCAF","SCISSORS_restCAF","SCISSORS: restCAF",0.0968344326978103,0.496225188740563,0.581401964384539,TRUE
"DeSurv","D2 proCAF","SCISSORS_proCAF","SCISSORS: proCAF",0.684237461617196,4.99975001249937e-05,0.000182423311266869,TRUE
"DeSurv","D2 proCAF","SCISSORS_Perivascular","SCISSORS: Perivascular",-0.128142493638677,0.630318484075796,0.700353871195329,FALSE
"DeSurv","D2 proCAF","SCISSORS_panCAF","SCISSORS: panCAF",0.268807168191152,0.0295985200739963,0.0587617677939632,FALSE
"DeSurv","D2 proCAF","SCISSORS_Basal-like","SCISSORS: Basal-like",-0.149751627269613,0.205089745512724,0.283417301216157,FALSE
"DeSurv","D2 proCAF","SCISSORS_Classical","SCISSORS: Classical",-0.45851222699272,0.000149992500374981,0.000506224688765562,FALSE
"DeSurv","D2 proCAF","deCAF_proCAF","deCAF: proCAF",0.713123092573754,0.00954952252387381,0.0224206180995298,TRUE
"DeSurv","D2 proCAF","deCAF_restCAF","deCAF: restCAF",0.479357798165138,0.015649217539123,0.034919741616225,TRUE
"DeSurv","D3 Basal-like","PurIST_BasalLike","PurIST: Basal-like",0.593770467942653,0.00414979251037448,0.0113176159373849,TRUE
"DeSurv","D3 Basal-like","PurIST_Classical","PurIST: Classical",-0.0290519877675841,0.889305534723264,0.923509593751082,TRUE
"DeSurv","D3 Basal-like","DECODER_BasalTumor","DECODER: Basal-like tumor",0.453913221143457,4.99975001249937e-05,0.000182423311266869,FALSE
"DeSurv","D3 Basal-like","DECODER_ClassicalTumor","DECODER: Classical tumor",0.0974474394251061,0.0364981750912454,0.0703893376759733,FALSE
"DeSurv","D3 Basal-like","DECODER_ActivatedStroma","DECODER: Activated Stroma",-0.104934956438716,0.0665466726663667,0.11592001045109,FALSE
"DeSurv","D3 Basal-like","DECODER_NormalStroma","DECODER: Normal Stroma",-0.597203751065644,4.99975001249937e-05,0.000182423311266869,FALSE
"DeSurv","D3 Basal-like","DECODER_Immune","DECODER: Immune",-0.527277486910995,4.99975001249937e-05,0.000182423311266869,TRUE
"DeSurv","D3 Basal-like","DECODER_Exocrine","DECODER: Exocrine",-0.116020013216275,0.189740512974351,0.269631255279341,TRUE
"DeSurv","D3 Basal-like","DECODER_Endocrine","DECODER: Endocrine",-0.176566565621001,0.0175491225438728,0.0385224641206964,TRUE
"DeSurv","D3 Basal-like","Moffitt_Basal-like","Moffitt: Basal-like",0.311128205128205,0.0172491375431228,0.0381743207921571,TRUE
"DeSurv","D3 Basal-like","Moffitt_Classical","Moffitt: Classical",0.219624227320482,0.0821458927053647,0.134420551699688,TRUE
"DeSurv","D3 Basal-like","Moffitt_Activated","Moffitt: Activated",-0.122130866735183,0.304934753262337,0.39393484871211,TRUE
"DeSurv","D3 Basal-like","Moffitt_Normal","Moffitt: Normal",-0.570096060142002,0.000749962501874906,0.00235453343611889,TRUE
"DeSurv","D3 Basal-like","Moffitt_Immune","Moffitt: Immune",-0.329669211195929,0.206689665516724,0.283417301216157,TRUE
"DeSurv","D3 Basal-like","Collisson_Classical","Collisson: Classical",0.462152324061975,9.99950002499875e-05,0.00034613653932688,TRUE
"DeSurv","D3 Basal-like","Collisson_Exocrine","Collisson: Exocrine",-0.264614637567779,0.0466476676166192,0.0886962694118815,FALSE
"DeSurv","D3 Basal-like","Collisson_QM","Collisson: QM",0.0835035750766089,0.616719164041798,0.690930183781267,FALSE
"DeSurv","D3 Basal-like","Bailey_Squamous","Bailey: Squamous",0.237605078057986,0.032198390080496,0.0627378703007296,TRUE
"DeSurv","D3 Basal-like","Bailey_Immunogenic","Bailey: Immunogenic",-0.123949971999253,0.32198390080496,0.408148606654174,FALSE
"DeSurv","D3 Basal-like","Bailey_PancreaticProgenitor","Bailey: Pancreatic Progenitor",-0.145768139145623,0.511974401279936,0.593275057277179,FALSE
"DeSurv","D3 Basal-like","Bailey_ADEX","Bailey: ADEX",-0.24654297339243,0.00969951502424879,0.0225764573840273,FALSE
"DeSurv","D3 Basal-like","Chan-Seng-Yue_Basal-like A","Chan-Seng-Yue: Basal-like A",0.222958191541079,0.0251987400629969,0.0507735807239489,FALSE
"DeSurv","D3 Basal-like","Chan-Seng-Yue_Basal-like B","Chan-Seng-Yue: Basal-like B",0.199279093717817,0.0683465826708665,0.117392864533988,FALSE
"DeSurv","D3 Basal-like","Chan-Seng-Yue_Classical A","Chan-Seng-Yue: Classical A",0.0632695225243769,0.368131593420329,0.458043918080594,FALSE
"DeSurv","D3 Basal-like","Chan-Seng-Yue_Classical B","Chan-Seng-Yue: Classical B",-0.0155883478347668,0.88365581720914,0.921185600951613,FALSE
"DeSurv","D3 Basal-like","Maurer_ECM","Maurer: ECM",-0.0924171640295628,0.0686965651717414,0.117392864533988,TRUE
"DeSurv","D3 Basal-like","Maurer_Immune","Maurer: Immune",-0.355254305526861,4.99975001249937e-05,0.000182423311266869,FALSE
"DeSurv","D3 Basal-like","Puleo_Pure Classical","Puleo: Pure Classical",0.204607317416876,0.00289985500724964,0.00841893389201508,FALSE
"DeSurv","D3 Basal-like","Puleo_Immune Classical","Puleo: Immune Classical",-0.353613274143075,0.107144642767862,0.167219962701287,FALSE
"DeSurv","D3 Basal-like","Puleo_Desmoplastic","Puleo: Desmoplastic",-0.349711286089239,4.99975001249937e-05,0.000182423311266869,FALSE
"DeSurv","D3 Basal-like","Puleo_Stroma Activated","Puleo: Stroma Activated",0.103125,0.209589520523974,0.284367691163181,FALSE
"DeSurv","D3 Basal-like","Puleo_Pure Basal-like","Puleo Basal-like",0.453159820617933,4.99975001249937e-05,0.000182423311266869,FALSE
"DeSurv","D3 Basal-like","Puleo_tumor_Basal-like","Puleo: Basal-like",0.125169308489219,0.0219989000549973,0.0456900231911481,FALSE
"DeSurv","D3 Basal-like","Puleo_tumor_Classical","Puleo: Immune Classical",0.111554326639772,0.00294985250737463,0.00847298060628883,FALSE
"DeSurv","D3 Basal-like","Elyada_iCAF","Elyada: iCAF",-0.252195372750643,0.0300484975751212,0.0592196667538886,FALSE
"DeSurv","D3 Basal-like","Elyada_myCAF","Elyada: myCAF",-0.00937766410912189,0.951252437378131,0.965556985308629,FALSE
"DeSurv","D3 Basal-like","SCISSORS_apCAF","SCISSORS: apCAF",-0.554679552390641,0.0517974101294935,0.0957897310613921,FALSE
"DeSurv","D3 Basal-like","SCISSORS_restCAF","SCISSORS: restCAF",-0.493750188247342,0.000249987500624969,0.000823129575228556,TRUE
"DeSurv","D3 Basal-like","SCISSORS_proCAF","SCISSORS: proCAF",-0.545355680655067,4.99975001249937e-05,0.000182423311266869,TRUE
"DeSurv","D3 Basal-like","SCISSORS_Perivascular","SCISSORS: Perivascular",-0.0418320610687023,0.870906454677266,0.918534151417429,FALSE
"DeSurv","D3 Basal-like","SCISSORS_panCAF","SCISSORS: panCAF",-0.346462572335262,0.00409979501024949,0.011295353599667,FALSE
"DeSurv","D3 Basal-like","SCISSORS_Basal-like","SCISSORS: Basal-like",0.309395340870161,0.00874956252187391,0.0212827196478014,FALSE
"DeSurv","D3 Basal-like","SCISSORS_Classical","SCISSORS: Classical",0.308008213552361,0.0120993950302485,0.0276850564251448,FALSE
"DeSurv","D3 Basal-like","deCAF_proCAF","deCAF: proCAF",-0.561800610376399,0.0486475676216189,0.0912141892905355,TRUE
"DeSurv","D3 Basal-like","deCAF_restCAF","deCAF: restCAF",-0.367354740061162,0.0734963251837408,0.122493875306235,TRUE
"NMF","N1 Tumor","PurIST_BasalLike","PurIST: Basal-like",0.425078233025253,0.0490475476226189,0.0913299162628076,TRUE
"NMF","N1 Tumor","PurIST_Classical","PurIST: Classical",0.465214067278287,0.0199990000499975,0.0421853907304635,TRUE
"NMF","N1 Tumor","DECODER_BasalTumor","DECODER: Basal-like tumor",0.499923381884334,4.99975001249937e-05,0.000182423311266869,FALSE
"NMF","N1 Tumor","DECODER_ClassicalTumor","DECODER: Classical tumor",0.525579034541715,4.99975001249937e-05,0.000182423311266869,FALSE
"NMF","N1 Tumor","DECODER_ActivatedStroma","DECODER: Activated Stroma",-0.255768389227036,4.99975001249937e-05,0.000182423311266869,FALSE
"NMF","N1 Tumor","DECODER_NormalStroma","DECODER: Normal Stroma",-0.162080136402387,0.275236238188091,0.366077755225539,FALSE
"NMF","N1 Tumor","DECODER_Immune","DECODER: Immune",-0.476369982547993,4.99975001249937e-05,0.000182423311266869,TRUE
"NMF","N1 Tumor","DECODER_Exocrine","DECODER: Exocrine",-0.846077598414047,4.99975001249937e-05,0.000182423311266869,TRUE
"NMF","N1 Tumor","DECODER_Endocrine","DECODER: Endocrine",-0.203634208967016,0.00634968251587421,0.0165848850414622,TRUE
"NMF","N1 Tumor","Moffitt_Basal-like","Moffitt: Basal-like",0.379692307692308,0.00269986500674966,0.00801058848156493,TRUE
"NMF","N1 Tumor","Moffitt_Classical","Moffitt: Classical",0.614161108260646,4.99975001249937e-05,0.000182423311266869,TRUE
"NMF","N1 Tumor","Moffitt_Activated","Moffitt: Activated",-0.218910585817061,0.0651967401629918,0.115053070875868,TRUE
"NMF","N1 Tumor","Moffitt_Normal","Moffitt: Normal",-0.37881108172073,0.0287485625718714,0.0574971251437428,TRUE
"NMF","N1 Tumor","Moffitt_Immune","Moffitt: Immune",-0.362239185750636,0.163991800409979,0.241955115358986,TRUE
"NMF","N1 Tumor","Collisson_Classical","Collisson: Classical",0.615083068881837,4.99975001249937e-05,0.000182423311266869,TRUE
"NMF","N1 Tumor","Collisson_Exocrine","Collisson: Exocrine",-0.914969381423831,4.99975001249937e-05,0.000182423311266869,FALSE
"NMF","N1 Tumor","Collisson_QM","Collisson: QM",-0.140108954715696,0.407979601019949,0.498436616630707,FALSE
"NMF","N1 Tumor","Bailey_Squamous","Bailey: Squamous",-0.00383141762452111,0.972451377431128,0.979708477262704,TRUE
"NMF","N1 Tumor","Bailey_Immunogenic","Bailey: Immunogenic",-0.0715885756953519,0.561121943902805,0.641961545990497,FALSE
"NMF","N1 Tumor","Bailey_PancreaticProgenitor","Bailey: Pancreatic Progenitor",-0.166145113164981,0.455077246137693,0.543676356005209,FALSE
"NMF","N1 Tumor","Bailey_ADEX","Bailey: ADEX",-0.903832440821577,4.99975001249937e-05,0.000182423311266869,FALSE
"NMF","N1 Tumor","Chan-Seng-Yue_Basal-like A","Chan-Seng-Yue: Basal-like A",0.114061740398639,0.255687215639218,0.341760139715787,FALSE
"NMF","N1 Tumor","Chan-Seng-Yue_Basal-like B","Chan-Seng-Yue: Basal-like B",0.298771516845667,0.00644967751612419,0.0165848850414622,FALSE
"NMF","N1 Tumor","Chan-Seng-Yue_Classical A","Chan-Seng-Yue: Classical A",0.362334088084837,4.99975001249937e-05,0.000182423311266869,FALSE
"NMF","N1 Tumor","Chan-Seng-Yue_Classical B","Chan-Seng-Yue: Classical B",0.167013259245704,0.111794410279486,0.172482804431207,FALSE
"NMF","N1 Tumor","Maurer_ECM","Maurer: ECM",-0.23084841793414,4.99975001249937e-05,0.000182423311266869,TRUE
"NMF","N1 Tumor","Maurer_Immune","Maurer: Immune",-0.505829876727641,4.99975001249937e-05,0.000182423311266869,FALSE
"NMF","N1 Tumor","Puleo_Pure Classical","Puleo: Pure Classical",0.589539342426333,4.99975001249937e-05,0.000182423311266869,FALSE
"NMF","N1 Tumor","Puleo_Immune Classical","Puleo: Immune Classical",-0.278509569900298,0.205839708014599,0.283417301216157,FALSE
"NMF","N1 Tumor","Puleo_Desmoplastic","Puleo: Desmoplastic",-0.474096507167373,4.99975001249937e-05,0.000182423311266869,FALSE
"NMF","N1 Tumor","Puleo_Stroma Activated","Puleo: Stroma Activated",0.128166666666667,0.117694115294235,0.180553472326384,FALSE
"NMF","N1 Tumor","Puleo_Pure Basal-like","Puleo Basal-like",0.326583578653901,4.99975001249937e-05,0.000182423311266869,FALSE
"NMF","N1 Tumor","Puleo_tumor_Basal-like","Puleo: Basal-like",-0.0180565215799685,0.742212889355532,0.81132583046961,FALSE
"NMF","N1 Tumor","Puleo_tumor_Classical","Puleo: Immune Classical",0.329232150681768,4.99975001249937e-05,0.000182423311266869,FALSE
"NMF","N1 Tumor","Elyada_iCAF","Elyada: iCAF",-0.101285347043702,0.385830708464577,0.47351950584289,FALSE
"NMF","N1 Tumor","Elyada_myCAF","Elyada: myCAF",0.00303495311167956,0.983300834958252,0.983300834958252,FALSE
"NMF","N1 Tumor","SCISSORS_apCAF","SCISSORS: apCAF",-0.0368769074262462,0.898855057247138,0.926301013193615,FALSE
"NMF","N1 Tumor","SCISSORS_restCAF","SCISSORS: restCAF",-0.320562633655613,0.0208989550522474,0.0437419989465643,TRUE
"NMF","N1 Tumor","SCISSORS_proCAF","SCISSORS: proCAF",-0.605552712384852,4.99975001249937e-05,0.000182423311266869,TRUE
"NMF","N1 Tumor","SCISSORS_Perivascular","SCISSORS: Perivascular",-0.0672773536895674,0.79666016699165,0.853564464633911,FALSE
"NMF","N1 Tumor","SCISSORS_panCAF","SCISSORS: panCAF",-0.2675938025014,0.032298385080746,0.0627378703007296,FALSE
"NMF","N1 Tumor","SCISSORS_Basal-like","SCISSORS: Basal-like",0.215570400822199,0.0695465226738663,0.118097868691471,FALSE
"NMF","N1 Tumor","SCISSORS_Classical","SCISSORS: Classical",0.583442225126003,4.99975001249937e-05,0.000182423311266869,FALSE
"NMF","N1 Tumor","deCAF_proCAF","deCAF: proCAF",-0.577314343845371,0.0414979251037448,0.0794641119007879,TRUE
"NMF","N1 Tumor","deCAF_restCAF","deCAF: restCAF",-0.534531090723751,0.00644967751612419,0.0165848850414622,TRUE
"NMF","N2 Exocrine","PurIST_BasalLike","PurIST: Basal-like",-0.182301142566043,0.420228988550572,0.511089310399345,TRUE
"NMF","N2 Exocrine","PurIST_Classical","PurIST: Classical",0.30453618756371,0.143992800359982,0.217195844118409,TRUE
"NMF","N2 Exocrine","DECODER_BasalTumor","DECODER: Basal-like tumor",-0.259413223108024,4.99975001249937e-05,0.000182423311266869,FALSE
"NMF","N2 Exocrine","DECODER_ClassicalTumor","DECODER: Classical tumor",0.0595129965538428,0.205439728013599,0.283417301216157,FALSE
"NMF","N2 Exocrine","DECODER_ActivatedStroma","DECODER: Activated Stroma",-0.469437482595377,4.99975001249937e-05,0.000182423311266869,FALSE
"NMF","N2 Exocrine","DECODER_NormalStroma","DECODER: Normal Stroma",-0.0578005115089514,0.702464876756162,0.774144966221077,FALSE
"NMF","N2 Exocrine","DECODER_Immune","DECODER: Immune",0.226038394415358,0.00279986000699965,0.00821698045532506,TRUE
"NMF","N2 Exocrine","DECODER_Exocrine","DECODER: Exocrine",0.989002171245162,4.99975001249937e-05,0.000182423311266869,TRUE
"NMF","N2 Exocrine","DECODER_Endocrine","DECODER: Endocrine",0.842763785004594,4.99975001249937e-05,0.000182423311266869,TRUE
"NMF","N2 Exocrine","Moffitt_Basal-like","Moffitt: Basal-like",0.0204615384615385,0.87875606219689,0.921185600951613,TRUE
"NMF","N2 Exocrine","Moffitt_Classical","Moffitt: Classical",-0.00828263578391852,0.947552622368882,0.965430973734332,TRUE
"NMF","N2 Exocrine","Moffitt_Activated","Moffitt: Activated",-0.685936964713943,4.99975001249937e-05,0.000182423311266869,TRUE
"NMF","N2 Exocrine","Moffitt_Normal","Moffitt: Normal",0.280430646433709,0.108194590270486,0.167888157316272,TRUE
"NMF","N2 Exocrine","Moffitt_Immune","Moffitt: Immune",0.587786259541985,0.0199990000499975,0.0421853907304635,TRUE
"NMF","N2 Exocrine","Collisson_Classical","Collisson: Classical",-0.323361956318835,0.00894955252237388,0.0213838865578845,TRUE
"NMF","N2 Exocrine","Collisson_Exocrine","Collisson: Exocrine",0.986673500768837,4.99975001249937e-05,0.000182423311266869,FALSE
"NMF","N2 Exocrine","Collisson_QM","Collisson: QM",-0.423391215526047,0.0108994550272486,0.0251525885244199,FALSE
"NMF","N2 Exocrine","Bailey_Squamous","Bailey: Squamous",-0.210537351556394,0.0578971051447428,0.103524625093249,TRUE
"NMF","N2 Exocrine","Bailey_Immunogenic","Bailey: Immunogenic",0.211825648683965,0.088345582720864,0.14198397222996,FALSE
"NMF","N2 Exocrine","Bailey_PancreaticProgenitor","Bailey: Pancreatic Progenitor",0.0980278000145549,0.665516724163792,0.736432440673048,FALSE
"NMF","N2 Exocrine","Bailey_ADEX","Bailey: ADEX",0.987835740551726,4.99975001249937e-05,0.000182423311266869,FALSE
"NMF","N2 Exocrine","Chan-Seng-Yue_Basal-like A","Chan-Seng-Yue: Basal-like A",0.00817331064657267,0.936553172341383,0.957838471712778,FALSE
"NMF","N2 Exocrine","Chan-Seng-Yue_Basal-like B","Chan-Seng-Yue: Basal-like B",0.0100411946446961,0.925353732313384,0.949982919104995,FALSE
"NMF","N2 Exocrine","Chan-Seng-Yue_Classical A","Chan-Seng-Yue: Classical A",0.119456578917275,0.0925953702314884,0.14706323507354,FALSE
"NMF","N2 Exocrine","Chan-Seng-Yue_Classical B","Chan-Seng-Yue: Classical B",0.426674873978938,4.99975001249937e-05,0.000182423311266869,FALSE
"NMF","N2 Exocrine","Maurer_ECM","Maurer: ECM",-0.56681296142769,4.99975001249937e-05,0.000182423311266869,TRUE
"NMF","N2 Exocrine","Maurer_Immune","Maurer: Immune",0.0745620308419286,0.203989800509975,0.283417301216157,FALSE
"NMF","N2 Exocrine","Puleo_Pure Classical","Puleo: Pure Classical",-0.0991552262495458,0.155592220388981,0.230823623653982,FALSE
"NMF","N2 Exocrine","Puleo_Immune Classical","Puleo: Immune Classical",0.685466851029765,0.00119994000299985,0.00368163410011318,FALSE
"NMF","N2 Exocrine","Puleo_Desmoplastic","Puleo: Desmoplastic",0.0740803553401979,0.313084345782711,0.401732271876972,FALSE
"NMF","N2 Exocrine","Puleo_Stroma Activated","Puleo: Stroma Activated",-0.463395833333333,4.99975001249937e-05,0.000182423311266869,FALSE
"NMF","N2 Exocrine","Puleo_Pure Basal-like","Puleo Basal-like",-0.443567098614283,4.99975001249937e-05,0.000182423311266869,FALSE
"NMF","N2 Exocrine","Puleo_tumor_Basal-like","Puleo: Basal-like",-0.365688033092946,4.99975001249937e-05,0.000182423311266869,FALSE
"NMF","N2 Exocrine","Puleo_tumor_Classical","Puleo: Immune Classical",0.191268366283098,4.99975001249937e-05,0.000182423311266869,FALSE
"NMF","N2 Exocrine","Elyada_iCAF","Elyada: iCAF",0.0740154241645243,0.51832408379581,0.598066250533627,FALSE
"NMF","N2 Exocrine","Elyada_myCAF","Elyada: myCAF",-0.569582267689685,9.99950002499875e-05,0.00034613653932688,FALSE
"NMF","N2 Exocrine","SCISSORS_apCAF","SCISSORS: apCAF",0.404628687690743,0.167491625418729,0.245775754690526,FALSE
"NMF","N2 Exocrine","SCISSORS_restCAF","SCISSORS: restCAF",0.205505858257282,0.147042647867607,0.22056397180141,TRUE
"NMF","N2 Exocrine","SCISSORS_proCAF","SCISSORS: proCAF",-0.341670931422723,0.0177491125443728,0.0386472611853278,TRUE
"NMF","N2 Exocrine","SCISSORS_Perivascular","SCISSORS: Perivascular",0.319083969465649,0.222438878056097,0.300292485375731,FALSE
"NMF","N2 Exocrine","SCISSORS_panCAF","SCISSORS: panCAF",-0.421131230166138,0.000599970001499925,0.00192847500482119,FALSE
"NMF","N2 Exocrine","SCISSORS_Basal-like","SCISSORS: Basal-like",-0.269912641315519,0.023698815059247,0.0484748489848235,FALSE
"NMF","N2 Exocrine","SCISSORS_Classical","SCISSORS: Classical",-0.11055628150084,0.372481375931203,0.461319399783436,FALSE
"NMF","N2 Exocrine","deCAF_proCAF","deCAF: proCAF",-0.401322482197355,0.170191490425479,0.247415048602409,TRUE
"NMF","N2 Exocrine","deCAF_restCAF","deCAF: restCAF",0.35079001019368,0.0896455177241138,0.143220649618407,TRUE
"NMF","N3 Microenviron.","PurIST_BasalLike","PurIST: Basal-like",-0.295684448002329,0.179941002949853,0.258425908491809,TRUE
"NMF","N3 Microenviron.","PurIST_Classical","PurIST: Classical",-0.390035677879715,0.0549972501374931,0.100332821196778,TRUE
"NMF","N3 Microenviron.","DECODER_BasalTumor","DECODER: Basal-like tumor",-0.382544428684251,4.99975001249937e-05,0.000182423311266869,FALSE
"NMF","N3 Microenviron.","DECODER_ClassicalTumor","DECODER: Classical tumor",-0.428024737531056,4.99975001249937e-05,0.000182423311266869,FALSE
"NMF","N3 Microenviron.","DECODER_ActivatedStroma","DECODER: Activated Stroma",0.36432350718065,4.99975001249937e-05,0.000182423311266869,FALSE
"NMF","N3 Microenviron.","DECODER_NormalStroma","DECODER: Normal Stroma",0.268951406649616,0.0740962951852407,0.12273619447862,FALSE
"NMF","N3 Microenviron.","DECODER_Immune","DECODER: Immune",0.565846422338569,4.99975001249937e-05,0.000182423311266869,TRUE
"NMF","N3 Microenviron.","DECODER_Exocrine","DECODER: Exocrine",-0.830855281789861,4.99975001249937e-05,0.000182423311266869,TRUE
"NMF","N3 Microenviron.","DECODER_Endocrine","DECODER: Endocrine",-0.0361102285120525,0.628068596570171,0.700353871195329,TRUE
"NMF","N3 Microenviron.","Moffitt_Basal-like","Moffitt: Basal-like",-0.248307692307692,0.056197190140493,0.101154942252887,TRUE
"NMF","N3 Microenviron.","Moffitt_Classical","Moffitt: Classical",-0.539055437464878,9.99950002499875e-05,0.00034613653932688,TRUE
"NMF","N3 Microenviron.","Moffitt_Activated","Moffitt: Activated",0.330078794107571,0.00529973501324934,0.0140287103291894,TRUE
"NMF","N3 Microenviron.","Moffitt_Normal","Moffitt: Normal",0.458721982458583,0.00839958002099895,0.0206171509606338,TRUE
"NMF","N3 Microenviron.","Moffitt_Immune","Moffitt: Immune",0.465648854961832,0.072246387680616,0.121158538346375,TRUE
"NMF","N3 Microenviron.","Collisson_Classical","Collisson: Classical",-0.518713832368863,4.99975001249937e-05,0.000182423311266869,TRUE
"NMF","N3 Microenviron.","Collisson_Exocrine","Collisson: Exocrine",-0.907146132887318,4.99975001249937e-05,0.000182423311266869,FALSE
"NMF","N3 Microenviron.","Collisson_QM","Collisson: QM",0.251276813074566,0.134493275336233,0.204006653599904,FALSE
"NMF","N3 Microenviron.","Bailey_Squamous","Bailey: Squamous",0.116410285736071,0.297585120743963,0.388154505318212,TRUE
"NMF","N3 Microenviron.","Bailey_Immunogenic","Bailey: Immunogenic",0.126563375023334,0.315434228288586,0.401732271876972,FALSE
"NMF","N3 Microenviron.","Bailey_PancreaticProgenitor","Bailey: Pancreatic Progenitor",0.27676297212721,0.209189540522974,0.284367691163181,FALSE
"NMF","N3 Microenviron.","Bailey_ADEX","Bailey: ADEX",-0.876511793738902,4.99975001249937e-05,0.000182423311266869,FALSE
"NMF","N3 Microenviron.","Chan-Seng-Yue_Basal-like A","Chan-Seng-Yue: Basal-like A",-0.0284090909090909,0.780960951952402,0.849755512224389,FALSE
"NMF","N3 Microenviron.","Chan-Seng-Yue_Basal-like B","Chan-Seng-Yue: Basal-like B",-0.198359570398705,0.0701964901754912,0.118456577171141,FALSE
"NMF","N3 Microenviron.","Chan-Seng-Yue_Classical A","Chan-Seng-Yue: Classical A",-0.280302510501719,4.99975001249937e-05,0.000182423311266869,FALSE
"NMF","N3 Microenviron.","Chan-Seng-Yue_Classical B","Chan-Seng-Yue: Classical B",-0.290854946846562,0.00494975251237438,0.0133643317834108,FALSE
"NMF","N3 Microenviron.","Maurer_ECM","Maurer: ECM",0.342624425855274,4.99975001249937e-05,0.000182423311266869,TRUE
"NMF","N3 Microenviron.","Maurer_Immune","Maurer: Immune",0.550710127192495,4.99975001249937e-05,0.000182423311266869,FALSE
"NMF","N3 Microenviron.","Puleo_Pure Classical","Puleo: Pure Classical",-0.515297154173064,4.99975001249937e-05,0.000182423311266869,FALSE
"NMF","N3 Microenviron.","Puleo_Immune Classical","Puleo: Immune Classical",0.28040171748781,0.203589820508975,0.283417301216157,FALSE
"NMF","N3 Microenviron.","Puleo_Desmoplastic","Puleo: Desmoplastic",0.537573187966889,4.99975001249937e-05,0.000182423311266869,FALSE
"NMF","N3 Microenviron.","Puleo_Stroma Activated","Puleo: Stroma Activated",-0.0216458333333334,0.791760411979401,0.851694467069475,FALSE
"NMF","N3 Microenviron.","Puleo_Pure Basal-like","Puleo Basal-like",-0.20596839720839,0.00784960751962402,0.01962401879906,FALSE
"NMF","N3 Microenviron.","Puleo_tumor_Basal-like","Puleo: Basal-like",0.129296774902076,0.0185990700464977,0.040173991300435,FALSE
"NMF","N3 Microenviron.","Puleo_tumor_Classical","Puleo: Immune Classical",-0.315201788979043,4.99975001249937e-05,0.000182423311266869,FALSE
"NMF","N3 Microenviron.","Elyada_iCAF","Elyada: iCAF",0.193748071979434,0.0969951502424879,0.152259828869022,FALSE
"NMF","N3 Microenviron.","Elyada_myCAF","Elyada: myCAF",0.111406649616368,0.460876956152192,0.548179639476176,FALSE
"NMF","N3 Microenviron.","SCISSORS_apCAF","SCISSORS: apCAF",0.0826551373346898,0.785560721963902,0.849755512224389,FALSE
"NMF","N3 Microenviron.","SCISSORS_restCAF","SCISSORS: restCAF",0.391102677630192,0.00519974001299935,0.0139002950842557,TRUE
"NMF","N3 Microenviron.","SCISSORS_proCAF","SCISSORS: proCAF",0.642144319344933,4.99975001249937e-05,0.000182423311266869,TRUE
"NMF","N3 Microenviron.","SCISSORS_Perivascular","SCISSORS: Perivascular",0.0978117048346057,0.713964301784911,0.783619355617585,FALSE
"NMF","N3 Microenviron.","SCISSORS_panCAF","SCISSORS: panCAF",0.354302781407504,0.00379981000949953,0.0105767907480915,FALSE
"NMF","N3 Microenviron.","SCISSORS_Basal-like","SCISSORS: Basal-like",-0.0912127440904419,0.43742812859357,0.527257119286893,FALSE
"NMF","N3 Microenviron.","SCISSORS_Classical","SCISSORS: Classical",-0.535980959492253,4.99975001249937e-05,0.000182423311266869,FALSE
"NMF","N3 Microenviron.","deCAF_proCAF","deCAF: proCAF",0.65412004069176,0.0193990300484976,0.0415693501039234,TRUE
"NMF","N3 Microenviron.","deCAF_restCAF","deCAF: restCAF",0.582823649337411,0.00329983500824959,0.00928078596070196,TRUE
