"rank","gene","weight","contrast_score","factor"
1,"DMBT1",0.107502,0.991227,"D1"
2,"IGFBP2",0.096084,0.872406,"D1"
3,"S100A4",0.092853,0.770642,"D1"
4,"KRT23",0.082866,0.769977,"D1"
5,"LIF",0.081069,0.729223,"D1"
6,"IFI6",0.08901,0.681481,"D1"
7,"PDLIM3",0.078083,0.669769,"D1"
8,"CLDN18",0.078753,0.662829,"D1"
9,"MYO15B",0.075458,0.659959,"D1"
10,"SYT8",0.070776,0.647084,"D1"
11,"TFF2",0.073293,0.644059,"D1"
12,"TMPRSS2",0.075337,0.640477,"D1"
13,"CHGB",0.074263,0.638044,"D1"
14,"CST1",0.070584,0.630684,"D1"
15,"B3GNT7",0.07102,0.628317,"D1"
16,"F5",0.068612,0.620294,"D1"
17,"TNRC18",0.079315,0.614539,"D1"
18,"IGF2",0.069693,0.609192,"D1"
19,"ARSD",0.074859,0.585688,"D1"
20,"ZDHHC7",0.076963,0.574085,"D1"
21,"LENG8",0.077536,0.572267,"D1"
22,"ATP9A",0.078489,0.571801,"D1"
23,"TMPRSS3",0.063338,0.568041,"D1"
24,"CES1",0.061521,0.563145,"D1"
25,"HOPX",0.065637,0.557221,"D1"
26,"CNN1",0.06055,0.555681,"D1"
27,"MIA",0.059545,0.552493,"D1"
28,"CRIP2",0.073699,0.545415,"D1"
29,"NEURL1B",0.06163,0.543583,"D1"
30,"CHGA",0.061362,0.535273,"D1"
31,"ACTG2",0.056829,0.526462,"D1"
32,"CXCL14",0.072212,0.524952,"D1"
33,"TPPP3",0.056986,0.521043,"D1"
34,"PIGR",0.080108,0.519376,"D1"
35,"CYP27A1",0.059136,0.517106,"D1"
36,"ADAM8",0.066674,0.514356,"D1"
37,"FGFR3",0.05772,0.513282,"D1"
38,"IGF1R",0.071619,0.497058,"D1"
39,"PLEKHB1",0.053788,0.493675,"D1"
40,"CPXM1",0.055643,0.493582,"D1"
41,"ATP7B",0.052945,0.491228,"D1"
42,"SLC12A2",0.075538,0.48144,"D1"
43,"CCL20",0.051314,0.476418,"D1"
44,"AKNA",0.055166,0.475081,"D1"
45,"COL16A1",0.073641,0.469715,"D1"
46,"FGFR2",0.052292,0.4593,"D1"
47,"COL9A2",0.049154,0.456346,"D1"
48,"COL22A1",0.04908,0.455908,"D1"
49,"IRF7",0.051685,0.454909,"D1"
50,"SBNO2",0.069043,0.452898,"D1"
51,"MGAT3",0.050476,0.447893,"D1"
52,"SYNM",0.048268,0.444505,"D1"
53,"APOD",0.068865,0.443725,"D1"
54,"SEMA6A",0.048121,0.442279,"D1"
55,"TNXB",0.049467,0.437569,"D1"
56,"PTGIS",0.067759,0.435235,"D1"
57,"CCL18",0.047338,0.434529,"D1"
58,"ZC3H12A",0.051786,0.431477,"D1"
59,"CELSR3",0.046242,0.429277,"D1"
60,"EMB",0.058701,0.427369,"D1"
61,"KCNJ15",0.052614,0.427025,"D1"
62,"SORBS1",0.05966,0.424651,"D1"
63,"PAQR8",0.050198,0.423181,"D1"
64,"SLC4A4",0.065465,0.422279,"D1"
65,"ACSS1",0.052344,0.420462,"D1"
66,"ST6GALNAC1",0.052225,0.420243,"D1"
67,"DES",0.045186,0.419734,"D1"
68,"PRUNE2",0.048288,0.418897,"D1"
69,"PLCB4",0.045589,0.416767,"D1"
70,"CADPS",0.04647,0.413465,"D1"
71,"FMO5",0.045017,0.411064,"D1"
72,"RAP1GAP2",0.05274,0.410431,"D1"
73,"GALNT12",0.051038,0.407746,"D1"
74,"CCL2",0.048147,0.407376,"D1"
75,"REG3A",0.059784,0.405823,"D1"
76,"ZCCHC24",0.055321,0.400052,"D1"
77,"LTF",0.04937,0.396415,"D1"
78,"EFHD2",0.067917,0.39472,"D1"
79,"ATP11A",0.061034,0.391395,"D1"
80,"GP2",0.058868,0.390845,"D1"
81,"HIPK2",0.06239,0.389961,"D1"
82,"SLC26A9",0.043566,0.386194,"D1"
83,"TACC2",0.049974,0.385927,"D1"
84,"TRAK1",0.065923,0.384434,"D1"
85,"SAA1",0.041507,0.382318,"D1"
86,"CLDN23",0.04198,0.380083,"D1"
87,"FOXJ1",0.040645,0.378037,"D1"
88,"FRY",0.063159,0.369648,"D1"
89,"GATA6",0.047328,0.364912,"D1"
90,"PLXNA2",0.057513,0.363047,"D1"
91,"GOLGA8A",0.063177,0.360958,"D1"
92,"IL2RG",0.052132,0.360951,"D1"
93,"KIAA1211",0.043854,0.355377,"D1"
94,"SFRP1",0.040947,0.353838,"D1"
95,"ADH1B",0.050372,0.352354,"D1"
96,"MFSD2A",0.037469,0.346582,"D1"
97,"CLU",0.072182,0.344583,"D1"
98,"CLMN",0.06029,0.343652,"D1"
99,"CHPF",0.066343,0.342491,"D1"
100,"MTMR11",0.052456,0.342083,"D1"
101,"TTR",0.05679,0.338944,"D1"
102,"WFDC2",0.054145,0.3383,"D1"
103,"C2orf72",0.037468,0.337908,"D1"
104,"CCND2",0.069126,0.335678,"D1"
105,"ARHGAP4",0.041241,0.334979,"D1"
106,"PKDCC",0.048465,0.331974,"D1"
107,"SRPX",0.038443,0.330535,"D1"
108,"CCL21",0.037513,0.329082,"D1"
109,"CARD11",0.052645,0.325723,"D1"
110,"CTRB2",0.05239,0.320744,"D1"
111,"GOLGA8B",0.060171,0.314399,"D1"
112,"IYD",0.034628,0.314276,"D1"
113,"CORO1A",0.044739,0.313812,"D1"
114,"SAA2",0.033462,0.310875,"D1"
115,"CDCA7",0.036045,0.310602,"D1"
116,"BOC",0.04364,0.306088,"D1"
117,"LTB",0.032908,0.303304,"D1"
118,"COMP",0.057678,0.303297,"D1"
119,"MANSC1",0.045886,0.30176,"D1"
120,"SLC19A3",0.03221,0.297563,"D1"
121,"STEAP2",0.059858,0.296351,"D1"
122,"FOXA1",0.031671,0.29392,"D1"
123,"WNK2",0.033591,0.293016,"D1"
124,"SELL",0.034004,0.292365,"D1"
125,"PLEKHA6",0.054861,0.291404,"D1"
126,"NFASC",0.034016,0.29135,"D1"
127,"EGR3",0.031938,0.287601,"D1"
128,"PLIN4",0.031047,0.286204,"D1"
129,"WDR72",0.038795,0.283489,"D1"
130,"AMY2A",0.04837,0.274247,"D1"
131,"IL16",0.047482,0.270752,"D1"
132,"TJP3",0.043445,0.269278,"D1"
133,"SLC9A2",0.02909,0.268911,"D1"
134,"LMOD1",0.038116,0.266217,"D1"
135,"CPS1",0.029305,0.264895,"D1"
136,"PTPRN2",0.04294,0.263247,"D1"
137,"FCGBP",0.050504,0.263082,"D1"
138,"PLA2G2A",0.028387,0.26215,"D1"
139,"FABP4",0.028368,0.26179,"D1"
140,"EPPK1",0.053768,0.261756,"D1"
141,"CPXM2",0.038543,0.260936,"D1"
142,"KIF1A",0.03102,0.25938,"D1"
143,"NGFR",0.029906,0.256455,"D1"
144,"NFKBIA",0.056469,0.256092,"D1"
145,"SPOCK2",0.037385,0.255415,"D1"
146,"ATP2C2",0.032875,0.255112,"D1"
147,"NBEAL2",0.056104,0.25266,"D1"
148,"CAPN9",0.027395,0.249215,"D1"
149,"PTGDS",0.041346,0.248135,"D1"
150,"LSP1",0.045339,0.245507,"D1"
151,"LAMA5",0.057796,0.243058,"D1"
152,"FASN",0.05006,0.242939,"D1"
153,"GFRA1",0.028134,0.242103,"D1"
154,"PTPRH",0.046431,0.241074,"D1"
155,"FMOD",0.052391,0.239197,"D1"
156,"FHL1",0.035712,0.237563,"D1"
157,"PCDH20",0.025456,0.236533,"D1"
158,"CCR7",0.025529,0.236503,"D1"
159,"CHIT1",0.026109,0.227555,"D1"
160,"PARM1",0.041967,0.226748,"D1"
161,"ITM2A",0.0283,0.225607,"D1"
162,"NAPSB",0.025534,0.2148,"D1"
163,"AGT",0.034141,0.214479,"D1"
164,"FUT3",0.044672,0.213623,"D1"
165,"SIPA1L2",0.049342,0.209272,"D1"
166,"SPINK5",0.022403,0.207071,"D1"
167,"ACSL1",0.053599,0.205186,"D1"
168,"BTNL8",0.022354,0.205003,"D1"
169,"CORO2A",0.044052,0.202103,"D1"
170,"LAD1",0.061696,0.198838,"D1"
171,"TMEM63A",0.050863,0.198514,"D1"
172,"GC",0.0323,0.198433,"D1"
173,"C1orf21",0.035955,0.197505,"D1"
174,"MIF",0.055411,0.195196,"D1"
175,"FOXA2",0.025822,0.192613,"D1"
176,"CCL19",0.025231,0.191172,"D1"
177,"GSTA1",0.026214,0.188213,"D1"
178,"LLGL2",0.053488,0.187858,"D1"
179,"ACP5",0.040314,0.183941,"D1"
180,"UGT2B15",0.024655,0.18277,"D1"
181,"RPL9",0.07138,0.179613,"D1"
182,"CD79A",0.0206,0.179362,"D1"
183,"PROM1",0.046152,0.178987,"D1"
184,"SCD",0.056861,0.174652,"D1"
185,"TMC5",0.053155,0.172686,"D1"
186,"CCL14",0.019385,0.170265,"D1"
187,"PLXNB1",0.048679,0.166572,"D1"
188,"TMEM119",0.037648,0.165736,"D1"
189,"SORBS2",0.040716,0.16525,"D1"
190,"C7",0.05945,0.162362,"D1"
191,"SLC12A7",0.05074,0.161084,"D1"
192,"QSOX1",0.061487,0.156589,"D1"
193,"UNC5CL",0.033026,0.156426,"D1"
194,"LONRF2",0.030414,0.153709,"D1"
195,"VSIG2",0.039142,0.149964,"D1"
196,"ADAMTSL2",0.031285,0.146404,"D1"
197,"ARHGEF16",0.036456,0.145841,"D1"
198,"PCOLCE",0.046161,0.145137,"D1"
199,"CFC1B",0.017959,0.143613,"D1"
200,"SLC9A3",0.017401,0.143496,"D1"
201,"ACACB",0.03021,0.143454,"D1"
202,"BCAS1",0.038281,0.142359,"D1"
203,"RASD1",0.02395,0.141591,"D1"
204,"LGALS4",0.056383,0.139043,"D1"
205,"MS4A1",0.016612,0.136841,"D1"
206,"CAPN6",0.019984,0.136076,"D1"
207,"SCCPDH",0.042804,0.134544,"D1"
208,"PTPRCAP",0.017251,0.13139,"D1"
209,"VNN1",0.032293,0.128753,"D1"
210,"PI16",0.014067,0.127309,"D1"
211,"SEMA7A",0.037499,0.125506,"D1"
212,"IL10RA",0.037152,0.125466,"D1"
213,"GALNT3",0.04339,0.125376,"D1"
214,"GOLM1",0.057659,0.125124,"D1"
215,"TNFAIP2",0.052815,0.125049,"D1"
216,"CD79B",0.014045,0.122115,"D1"
217,"ENPP2",0.046154,0.120455,"D1"
218,"SQLE",0.03906,0.120349,"D1"
219,"KLF4",0.036978,0.120208,"D1"
220,"PDLIM7",0.047681,0.119107,"D1"
221,"FOSB",0.029851,0.118628,"D1"
222,"RHPN2",0.039761,0.114597,"D1"
223,"SCG2",0.028088,0.111943,"D1"
224,"EMILIN1",0.047992,0.10843,"D1"
225,"BACE2",0.050566,0.106656,"D1"
226,"PPP1R12B",0.047973,0.106616,"D1"
227,"PIP5K1B",0.016183,0.10241,"D1"
228,"AHCYL2",0.03762,0.101953,"D1"
229,"SST",0.02959,0.096534,"D1"
230,"CYP3A5",0.038607,0.09386,"D1"
231,"SMAP2",0.033975,0.092777,"D1"
232,"ZG16B",0.022746,0.092013,"D1"
233,"SERPINF1",0.049166,0.083842,"D1"
234,"CLDN3",0.019561,0.083274,"D1"
235,"NR1I2",0.01586,0.082809,"D1"
236,"JUND",0.042902,0.082531,"D1"
237,"NCF2",0.039439,0.081825,"D1"
238,"CELSR1",0.035894,0.081461,"D1"
239,"MUC17",0.029433,0.07441,"D1"
240,"INPP5D",0.025614,0.07419,"D1"
241,"TM4SF5",0.01359,0.073982,"D1"
242,"HNF4A",0.026288,0.073106,"D1"
243,"CFD",0.016598,0.068176,"D1"
244,"HCLS1",0.030503,0.063646,"D1"
245,"SH3PXD2B",0.03904,0.063316,"D1"
246,"PCSK2",0.017933,0.062314,"D1"
247,"HMGCS2",0.015439,0.061361,"D1"
248,"FILIP1L",0.051092,0.059733,"D1"
249,"ETNK1",0.043925,0.056972,"D1"
250,"TNNI2",0.011301,0.056184,"D1"
251,"TOX3",0.017857,0.05339,"D1"
252,"FRZB",0.021172,0.052336,"D1"
253,"HABP2",0.023233,0.048371,"D1"
254,"GDA",0.02714,0.04465,"D1"
255,"NCOR2",0.048073,0.043687,"D1"
256,"DNAH2",0.012253,0.042584,"D1"
257,"DOK4",0.039181,0.038572,"D1"
258,"HOXB9",0.009393,0.036703,"D1"
259,"KIAA1324",0.028116,0.035519,"D1"
260,"TRIM2",0.040416,0.032863,"D1"
261,"FGFBP1",0.011782,0.032342,"D1"
262,"IRX3",0.007403,0.028366,"D1"
263,"TINAGL1",0.046886,0.027401,"D1"
264,"SFRP4",0.049471,0.024863,"D1"
265,"APLNR",0.021829,0.022032,"D1"
266,"AGRN",0.052923,0.021445,"D1"
267,"SLC25A25",0.030371,0.020649,"D1"
268,"PODN",0.032131,0.020268,"D1"
269,"ITIH2",0.006982,0.019186,"D1"
270,"FLJ23867",0.039665,0.018396,"D1"
1,"UHMK1",0.064696,0.941416,"D2"
2,"DDR2",0.062548,0.913034,"D2"
3,"INHBA",0.064527,0.910039,"D2"
4,"DYNC2H1",0.062575,0.868854,"D2"
5,"ZDHHC20",0.058558,0.858738,"D2"
6,"ITPR2",0.061531,0.834035,"D2"
7,"HMCN1",0.061373,0.827396,"D2"
8,"LAMA2",0.064516,0.825253,"D2"
9,"SLFN5",0.060665,0.817546,"D2"
10,"PLXNC1",0.055995,0.816394,"D2"
11,"SVEP1",0.060761,0.814732,"D2"
12,"CYBB",0.061732,0.813862,"D2"
13,"SYNE1",0.063585,0.812771,"D2"
14,"SAMHD1",0.058826,0.791982,"D2"
15,"SKIL",0.061855,0.787046,"D2"
16,"ADAMTS12",0.056528,0.785212,"D2"
17,"BICC1",0.05622,0.762797,"D2"
18,"ITGA1",0.060481,0.76239,"D2"
19,"COL8A1",0.059751,0.749564,"D2"
20,"PDGFRA",0.063383,0.739229,"D2"
21,"ABCA1",0.059409,0.733385,"D2"
22,"TCF4",0.057971,0.72474,"D2"
23,"CEP170",0.055522,0.723071,"D2"
24,"CD163",0.061312,0.722049,"D2"
25,"MAN1A1",0.059156,0.719727,"D2"
26,"MSR1",0.055889,0.713715,"D2"
27,"CCDC88A",0.054181,0.713278,"D2"
28,"F13A1",0.062067,0.710928,"D2"
29,"RPS28",0.053101,0.707963,"D2"
30,"RALGAPA2",0.054293,0.700502,"D2"
31,"ZEB1",0.055124,0.699894,"D2"
32,"FBXO32",0.053816,0.694904,"D2"
33,"INPP4B",0.054159,0.681332,"D2"
34,"CDH11",0.064848,0.680178,"D2"
35,"PKHD1",0.0493,0.675429,"D2"
36,"AKAP2",0.051674,0.672019,"D2"
37,"CYP1B1",0.053641,0.66997,"D2"
38,"CCL5",0.049999,0.666916,"D2"
39,"FGL2",0.049877,0.666368,"D2"
40,"MAP1B",0.055178,0.660899,"D2"
41,"PLXDC2",0.059569,0.658639,"D2"
42,"LRRK2",0.045534,0.658074,"D2"
43,"KIAA0754",0.048187,0.657941,"D2"
44,"EDIL3",0.050776,0.656701,"D2"
45,"ITGBL1",0.0593,0.654253,"D2"
46,"RPS26",0.051494,0.653528,"D2"
47,"MYLK",0.057016,0.646479,"D2"
48,"COL11A1",0.058578,0.646164,"D2"
49,"NFIB",0.053803,0.643717,"D2"
50,"PTPN13",0.047988,0.634662,"D2"
51,"PDE3A",0.042361,0.629869,"D2"
52,"TRIM22",0.054286,0.626976,"D2"
53,"DPYD",0.052843,0.625873,"D2"
54,"COL14A1",0.055425,0.62462,"D2"
55,"CNTN1",0.042275,0.623917,"D2"
56,"NCKAP1L",0.044771,0.623516,"D2"
57,"PHLDB2",0.048202,0.621327,"D2"
58,"ITGA4",0.04528,0.620268,"D2"
59,"MACC1",0.051817,0.617269,"D2"
60,"SEMA5A",0.046574,0.617223,"D2"
61,"MRC1",0.052905,0.615367,"D2"
62,"SLIT2",0.04261,0.614253,"D2"
63,"ZEB2",0.050693,0.614177,"D2"
64,"ADAM10",0.05936,0.609548,"D2"
65,"SAMD9",0.055889,0.605894,"D2"
66,"MS4A7",0.043611,0.602706,"D2"
67,"EFEMP1",0.058272,0.601108,"D2"
68,"BIRC3",0.057527,0.599804,"D2"
69,"WISP1",0.045128,0.599225,"D2"
70,"LAMA4",0.060393,0.598671,"D2"
71,"FAM198B",0.053143,0.597983,"D2"
72,"PTPRC",0.053258,0.596936,"D2"
73,"FAP",0.050569,0.595285,"D2"
74,"ARRDC3",0.057703,0.590095,"D2"
75,"MYH10",0.050473,0.586887,"D2"
76,"FCGR2A",0.053789,0.584013,"D2"
77,"PARP14",0.061776,0.581072,"D2"
78,"DSE",0.048869,0.580565,"D2"
79,"EHF",0.058347,0.579811,"D2"
80,"OSMR",0.05301,0.575018,"D2"
81,"ARID5B",0.047778,0.574524,"D2"
82,"ASPN",0.054065,0.574235,"D2"
83,"SLCO2B1",0.052175,0.573665,"D2"
84,"FPR3",0.041049,0.573143,"D2"
85,"DOCK8",0.0446,0.571706,"D2"
86,"SLFN11",0.045575,0.569664,"D2"
87,"ZNF532",0.049861,0.568916,"D2"
88,"SPON1",0.053995,0.56327,"D2"
89,"SEMA3C",0.057926,0.554196,"D2"
90,"FERMT2",0.04621,0.551214,"D2"
91,"SAMD9L",0.05005,0.54996,"D2"
92,"DOCK2",0.044508,0.549228,"D2"
93,"IGF1",0.038532,0.545023,"D2"
94,"TACC1",0.058653,0.54348,"D2"
95,"CFH",0.058726,0.540442,"D2"
96,"DMD",0.04099,0.539576,"D2"
97,"PCDH7",0.04774,0.532962,"D2"
98,"MALAT1",0.055508,0.531773,"D2"
99,"NOTCH2",0.060862,0.531689,"D2"
100,"CDK6",0.05484,0.530452,"D2"
101,"FBN1",0.06332,0.528322,"D2"
102,"SYNE2",0.063097,0.527108,"D2"
103,"RHOBTB3",0.04995,0.525973,"D2"
104,"CALCRL",0.041514,0.523225,"D2"
105,"NRP1",0.058918,0.519367,"D2"
106,"LIFR",0.038863,0.518556,"D2"
107,"STAB1",0.046449,0.518292,"D2"
108,"FLRT2",0.043816,0.51726,"D2"
109,"RNF144A",0.044194,0.514943,"D2"
110,"BCAT1",0.050269,0.514576,"D2"
111,"CILP",0.041151,0.514119,"D2"
112,"CCDC80",0.055416,0.513513,"D2"
113,"FAT4",0.043638,0.513099,"D2"
114,"BNC2",0.03688,0.512595,"D2"
115,"LTBP1",0.057325,0.509328,"D2"
116,"COL12A1",0.063735,0.50616,"D2"
117,"IL1R1",0.055083,0.503376,"D2"
118,"SLA",0.03939,0.503182,"D2"
119,"MBOAT2",0.043153,0.50312,"D2"
120,"FNDC3B",0.057826,0.502863,"D2"
121,"PRRX1",0.045173,0.502291,"D2"
122,"COL10A1",0.052885,0.501834,"D2"
123,"DDX60",0.050346,0.50129,"D2"
124,"DOCK9",0.050757,0.499109,"D2"
125,"SRGN",0.050725,0.498407,"D2"
126,"FOXO1",0.044928,0.494303,"D2"
127,"MS4A6A",0.041188,0.492986,"D2"
128,"ADAMTS2",0.045754,0.490347,"D2"
129,"CPVL",0.042244,0.488219,"D2"
130,"CD93",0.053633,0.486698,"D2"
131,"DST",0.060181,0.485477,"D2"
132,"CDK14",0.043262,0.485045,"D2"
133,"MSRB3",0.042224,0.483763,"D2"
134,"RNF213",0.056329,0.478705,"D2"
135,"SEL1L",0.058169,0.476242,"D2"
136,"ATP8A1",0.036528,0.474818,"D2"
137,"TGFBR1",0.052103,0.472361,"D2"
138,"SYNPO2",0.044147,0.469752,"D2"
139,"PDE4B",0.033513,0.468649,"D2"
140,"SGCD",0.033345,0.465978,"D2"
141,"STK17B",0.045543,0.460443,"D2"
142,"NUAK1",0.041342,0.456441,"D2"
143,"FCGR3A",0.050566,0.456069,"D2"
144,"GPNMB",0.055966,0.454359,"D2"
145,"VCAM1",0.047455,0.451821,"D2"
146,"ADAMTS9",0.037985,0.449963,"D2"
147,"ITGB8",0.046883,0.448953,"D2"
148,"CR1",0.03012,0.448841,"D2"
149,"SEPT11",0.056592,0.445893,"D2"
150,"IFI44L",0.041426,0.445816,"D2"
151,"ELL2",0.048011,0.445137,"D2"
152,"GPR183",0.033257,0.443375,"D2"
153,"ZBTB16",0.030828,0.442909,"D2"
154,"FRMD6",0.047955,0.441283,"D2"
155,"PDE5A",0.041642,0.440818,"D2"
156,"CSF1R",0.04547,0.439159,"D2"
157,"PLEK",0.031932,0.436536,"D2"
158,"SLK",0.053597,0.436215,"D2"
159,"SLC7A2",0.036717,0.434948,"D2"
160,"HEG1",0.049807,0.434638,"D2"
161,"GREM1",0.05301,0.433325,"D2"
162,"VGLL3",0.037122,0.433157,"D2"
163,"GBP5",0.032562,0.432884,"D2"
164,"SLC1A3",0.035028,0.431575,"D2"
165,"FGF7",0.032833,0.430763,"D2"
166,"ABCA8",0.030997,0.4278,"D2"
167,"ADAM12",0.036497,0.427171,"D2"
168,"CYBRD1",0.051288,0.418391,"D2"
169,"TFRC",0.052073,0.417556,"D2"
170,"CTSK",0.045456,0.41542,"D2"
171,"COLEC12",0.032852,0.412473,"D2"
172,"ALDH1L2",0.034221,0.412317,"D2"
173,"PGM2L1",0.040353,0.412064,"D2"
174,"FAM135A",0.037817,0.41021,"D2"
175,"DOCK11",0.038668,0.406816,"D2"
176,"EPHA3",0.039314,0.405871,"D2"
177,"PAPPA",0.030951,0.401472,"D2"
178,"EGFR",0.038927,0.399774,"D2"
179,"RASA1",0.042511,0.398807,"D2"
180,"AHR",0.054333,0.397083,"D2"
181,"IRF6",0.041757,0.396669,"D2"
182,"KLHL6",0.030391,0.394918,"D2"
183,"C1QTNF3",0.036332,0.394643,"D2"
184,"PCLO",0.027637,0.392575,"D2"
185,"ITGA2",0.054268,0.392548,"D2"
186,"LRIG3",0.044149,0.392263,"D2"
187,"SSPN",0.039602,0.391883,"D2"
188,"F2R",0.045047,0.390689,"D2"
189,"PDGFC",0.044497,0.390205,"D2"
190,"CD109",0.040799,0.387926,"D2"
191,"CLIC4",0.053719,0.385956,"D2"
192,"SORL1",0.045932,0.380555,"D2"
193,"AOAH",0.025649,0.379716,"D2"
194,"FMO2",0.028739,0.377032,"D2"
195,"RDX",0.043003,0.376546,"D2"
196,"IL1RAP",0.035734,0.376513,"D2"
197,"GBP1",0.040365,0.374784,"D2"
198,"CXCR4",0.044012,0.373745,"D2"
199,"WNK1",0.050585,0.371604,"D2"
200,"MFAP5",0.040759,0.371147,"D2"
201,"ALDH1A3",0.035881,0.367618,"D2"
202,"CD53",0.036103,0.366923,"D2"
203,"OMD",0.025903,0.362919,"D2"
204,"PLOD2",0.046299,0.362748,"D2"
205,"ITGAV",0.052349,0.362343,"D2"
206,"MACF1",0.053669,0.350672,"D2"
207,"NID2",0.033858,0.350103,"D2"
208,"NAMPT",0.05203,0.348636,"D2"
209,"ADAM28",0.037805,0.348266,"D2"
210,"GNE",0.037175,0.34395,"D2"
211,"ENAH",0.041873,0.343943,"D2"
212,"FAM129A",0.038817,0.342422,"D2"
213,"ECM2",0.02961,0.340451,"D2"
214,"VSIG4",0.035421,0.339261,"D2"
215,"MTAP",0.030187,0.338088,"D2"
216,"INMT",0.029661,0.336126,"D2"
217,"SGMS2",0.04146,0.334456,"D2"
218,"COL4A4",0.02404,0.332959,"D2"
219,"CAPRIN2",0.032019,0.330487,"D2"
220,"CENPF",0.036937,0.329636,"D2"
221,"DCLK1",0.023548,0.327425,"D2"
222,"EDNRA",0.038242,0.324799,"D2"
223,"WNT5A",0.030366,0.322992,"D2"
224,"GALNT5",0.038465,0.317566,"D2"
225,"SLC38A2",0.050364,0.316549,"D2"
226,"RASSF2",0.035569,0.315287,"D2"
227,"ZNF83",0.032995,0.312534,"D2"
228,"CYTIP",0.026432,0.312267,"D2"
229,"SRPX2",0.032289,0.311402,"D2"
230,"LY75",0.042595,0.309373,"D2"
231,"HLA-DOA",0.035395,0.305336,"D2"
232,"STK38L",0.037923,0.305188,"D2"
233,"RSAD2",0.030356,0.303454,"D2"
234,"HBB",0.026163,0.3021,"D2"
235,"HERC2P2",0.038617,0.300779,"D2"
236,"AOX1",0.027963,0.299032,"D2"
237,"PLIN2",0.037433,0.298718,"D2"
238,"PFKFB2",0.037186,0.298449,"D2"
239,"OGN",0.024474,0.294451,"D2"
240,"DOCK10",0.034947,0.29197,"D2"
241,"RGS4",0.023605,0.291455,"D2"
242,"AXL",0.038295,0.290827,"D2"
243,"FGD6",0.03729,0.290163,"D2"
244,"CDC42BPA",0.046948,0.289153,"D2"
245,"SLC6A6",0.047574,0.286545,"D2"
246,"RGS1",0.043549,0.284238,"D2"
247,"KIAA1324L",0.021825,0.283468,"D2"
248,"CPA3",0.026477,0.280133,"D2"
249,"CHL1",0.019937,0.275165,"D2"
250,"SLC7A11",0.027796,0.274274,"D2"
251,"GFPT2",0.028435,0.273981,"D2"
252,"RAI14",0.035383,0.272035,"D2"
253,"LMAN1",0.047498,0.268286,"D2"
254,"MECOM",0.040357,0.266934,"D2"
255,"FPR1",0.023685,0.266459,"D2"
256,"EDEM3",0.038135,0.265716,"D2"
257,"RASSF6",0.029075,0.264021,"D2"
258,"IQGAP2",0.03305,0.263334,"D2"
259,"MIAT",0.026164,0.262396,"D2"
260,"PRICKLE1",0.026086,0.260287,"D2"
261,"CHST15",0.035059,0.256683,"D2"
262,"GEM",0.032324,0.254807,"D2"
263,"CHRDL1",0.020968,0.252279,"D2"
264,"DSC2",0.037943,0.249721,"D2"
265,"RAB31",0.047542,0.247066,"D2"
266,"SLC38A1",0.044079,0.246896,"D2"
267,"CNN3",0.042186,0.246498,"D2"
268,"FLT1",0.039481,0.242477,"D2"
269,"TMEM200A",0.023959,0.24014,"D2"
270,"SLC2A3",0.041447,0.236148,"D2"
1,"HSPB1",0.050795,0.833481,"D3"
2,"KRT7",0.054203,0.805337,"D3"
3,"MSLN",0.045692,0.791471,"D3"
4,"RPSAP58",0.043159,0.780112,"D3"
5,"S100P",0.046007,0.770599,"D3"
6,"RPS16",0.051177,0.768031,"D3"
7,"IL32",0.045212,0.756126,"D3"
8,"SH3BGRL3",0.045705,0.754254,"D3"
9,"IFITM2",0.045069,0.753268,"D3"
10,"RPS21",0.049089,0.748022,"D3"
11,"SEMA4B",0.042801,0.747036,"D3"
12,"APOL1",0.04929,0.73896,"D3"
13,"S100A16",0.046961,0.738044,"D3"
14,"DNAJB1",0.045566,0.730144,"D3"
15,"MT2A",0.043195,0.721711,"D3"
16,"TNFRSF21",0.045381,0.721424,"D3"
17,"RPL28",0.048563,0.716091,"D3"
18,"FXYD3",0.044658,0.714528,"D3"
19,"SERPING1",0.04681,0.713766,"D3"
20,"HMGA1",0.043343,0.711654,"D3"
21,"S100A14",0.04182,0.710103,"D3"
22,"H1F0",0.046454,0.706771,"D3"
23,"KRT17",0.047311,0.703928,"D3"
24,"CSTB",0.042643,0.697482,"D3"
25,"ASS1",0.042712,0.695211,"D3"
26,"EFNB1",0.040517,0.694935,"D3"
27,"MDK",0.041075,0.694056,"D3"
28,"LY6E",0.045514,0.687176,"D3"
29,"CAMK2N1",0.038742,0.68351,"D3"
30,"MGLL",0.043854,0.682022,"D3"
31,"PDZK1IP1",0.039495,0.681963,"D3"
32,"BCL2L1",0.044991,0.679818,"D3"
33,"C19orf33",0.038785,0.678557,"D3"
34,"SFN",0.038227,0.677898,"D3"
35,"ITGB4",0.047836,0.677581,"D3"
36,"TSPAN1",0.047169,0.676374,"D3"
37,"SLC16A3",0.042066,0.675293,"D3"
38,"C4A",0.043031,0.669414,"D3"
39,"KLF5",0.043858,0.668715,"D3"
40,"IER2",0.039645,0.664932,"D3"
41,"ZFP36L1",0.046888,0.660761,"D3"
42,"MAL2",0.04779,0.659405,"D3"
43,"SCNN1A",0.040983,0.658872,"D3"
44,"MALL",0.042286,0.654976,"D3"
45,"BGN",0.045688,0.65479,"D3"
46,"HLA-H",0.035926,0.654775,"D3"
47,"HSPA1A",0.049344,0.654574,"D3"
48,"LGALS3",0.048284,0.652891,"D3"
49,"FAM83H",0.037174,0.652549,"D3"
50,"EPB41L1",0.037882,0.652165,"D3"
51,"EFNA1",0.038092,0.65081,"D3"
52,"TKT",0.044385,0.645967,"D3"
53,"SLC2A1",0.045615,0.645654,"D3"
54,"PLOD1",0.042788,0.644822,"D3"
55,"IER3",0.040982,0.638804,"D3"
56,"B3GNT3",0.037102,0.63417,"D3"
57,"PRSS3",0.035873,0.634049,"D3"
58,"TOB1",0.038302,0.631859,"D3"
59,"EGR1",0.039784,0.630689,"D3"
60,"PLA2G16",0.036764,0.627038,"D3"
61,"OCIAD2",0.036899,0.626355,"D3"
62,"LPCAT4",0.035097,0.625938,"D3"
63,"BST2",0.041188,0.625842,"D3"
64,"EPHA2",0.039776,0.625706,"D3"
65,"MUC5B",0.038531,0.623844,"D3"
66,"KCNN4",0.035901,0.620431,"D3"
67,"ITGA3",0.048912,0.620142,"D3"
68,"TSTA3",0.037139,0.618411,"D3"
69,"IFI27",0.046685,0.618021,"D3"
70,"MMP1",0.037055,0.617722,"D3"
71,"SLPI",0.039136,0.616372,"D3"
72,"CLTB",0.039086,0.615326,"D3"
73,"SPINK1",0.045856,0.612031,"D3"
74,"JUP",0.043503,0.606708,"D3"
75,"PPP1R15A",0.038765,0.606183,"D3"
76,"TRIM29",0.037054,0.605383,"D3"
77,"PPP1R1B",0.034064,0.604189,"D3"
78,"ARPC1A",0.040065,0.602131,"D3"
79,"GPRC5A",0.046114,0.601433,"D3"
80,"RAB25",0.035534,0.601204,"D3"
81,"ZFP36L2",0.042241,0.600823,"D3"
82,"CLDN7",0.0383,0.600813,"D3"
83,"DDIT4",0.048981,0.60008,"D3"
84,"FKBP4",0.039379,0.599253,"D3"
85,"LAPTM4B",0.041553,0.598326,"D3"
86,"MUC13",0.038465,0.59825,"D3"
87,"PSCA",0.033723,0.598068,"D3"
88,"SDCBP2",0.034379,0.597686,"D3"
89,"PROM2",0.034431,0.596976,"D3"
90,"LRRC8A",0.03892,0.595896,"D3"
91,"LAMB3",0.047279,0.593985,"D3"
92,"FSCN1",0.035812,0.593502,"D3"
93,"TSPAN13",0.035996,0.590833,"D3"
94,"TSPAN8",0.046109,0.590672,"D3"
95,"ALDH3B1",0.0339,0.589877,"D3"
96,"ANPEP",0.035757,0.589077,"D3"
97,"GSTP1",0.047578,0.585508,"D3"
98,"KLK10",0.032283,0.584696,"D3"
99,"B4GALT1",0.040098,0.583899,"D3"
100,"GAS6",0.039347,0.582212,"D3"
101,"ABCC3",0.043704,0.580085,"D3"
102,"CLDN2",0.035188,0.578,"D3"
103,"CEACAM6",0.05072,0.575574,"D3"
104,"CREB3L1",0.033331,0.573522,"D3"
105,"MST1R",0.033432,0.572866,"D3"
106,"CEBPB",0.034687,0.572195,"D3"
107,"TXN",0.038444,0.571743,"D3"
108,"NR4A1",0.036401,0.571732,"D3"
109,"AP1M2",0.034053,0.571665,"D3"
110,"SYNPO",0.036627,0.569041,"D3"
111,"ANO1",0.038899,0.566618,"D3"
112,"SIK1",0.037649,0.566048,"D3"
113,"EFNB2",0.036937,0.56268,"D3"
114,"CDKN1A",0.04068,0.558666,"D3"
115,"S100A10",0.041228,0.557687,"D3"
116,"PKP3",0.034521,0.556538,"D3"
117,"MCM7",0.035321,0.555264,"D3"
118,"RARRES3",0.032501,0.551862,"D3"
119,"CEACAM1",0.032066,0.551512,"D3"
120,"ALDH2",0.039207,0.548813,"D3"
121,"CES2",0.034025,0.546583,"D3"
122,"SLC6A8",0.030779,0.54658,"D3"
123,"PPL",0.039307,0.54026,"D3"
124,"NDRG1",0.044593,0.538628,"D3"
125,"AZGP1",0.030592,0.538544,"D3"
126,"S100A11",0.041679,0.538169,"D3"
127,"SEMA3B",0.030355,0.536791,"D3"
128,"TNFRSF12A",0.034225,0.536348,"D3"
129,"SOX9",0.033409,0.536074,"D3"
130,"PMEPA1",0.043923,0.535946,"D3"
131,"CYR61",0.040278,0.533118,"D3"
132,"EPCAM",0.042108,0.530527,"D3"
133,"BHLHE40",0.045428,0.528997,"D3"
134,"CX3CL1",0.02982,0.52739,"D3"
135,"SMAD3",0.037936,0.527071,"D3"
136,"MYL9",0.039524,0.526062,"D3"
137,"COL17A1",0.042624,0.525459,"D3"
138,"EPS8L1",0.032005,0.523564,"D3"
139,"CDH3",0.036238,0.523044,"D3"
140,"RNASET2",0.03706,0.521728,"D3"
141,"TUBA1C",0.043047,0.521511,"D3"
142,"RAP1GAP",0.030443,0.518412,"D3"
143,"H19",0.037897,0.514914,"D3"
144,"LTBP3",0.034445,0.51381,"D3"
145,"AQP3",0.02898,0.513714,"D3"
146,"MPZL2",0.035769,0.51248,"D3"
147,"ID1",0.031781,0.51071,"D3"
148,"RARRES2",0.0366,0.509575,"D3"
149,"SLC25A6",0.038828,0.505741,"D3"
150,"RBP1",0.029928,0.505631,"D3"
151,"HSPA5",0.043823,0.505264,"D3"
152,"PER1",0.031779,0.504316,"D3"
153,"ADAP1",0.029245,0.503971,"D3"
154,"TMC4",0.031241,0.502128,"D3"
155,"HSD17B2",0.02893,0.501036,"D3"
156,"PTP4A1",0.041292,0.500849,"D3"
157,"PLAUR",0.035677,0.500129,"D3"
158,"ANXA10",0.031615,0.49834,"D3"
159,"PYGB",0.043281,0.498252,"D3"
160,"CYP2S1",0.027507,0.497348,"D3"
161,"ALDOA",0.044235,0.496761,"D3"
162,"CDCP1",0.038062,0.494933,"D3"
163,"IFITM3",0.041991,0.494866,"D3"
164,"BAIAP2L1",0.033585,0.493195,"D3"
165,"MGST1",0.027912,0.493044,"D3"
166,"TFF1",0.032249,0.492274,"D3"
167,"MUC4",0.028675,0.492195,"D3"
168,"MMP28",0.027678,0.491769,"D3"
169,"CLDN1",0.038416,0.491097,"D3"
170,"TM4SF1",0.044986,0.48983,"D3"
171,"TFF3",0.029039,0.489606,"D3"
172,"UNC13D",0.029006,0.489487,"D3"
173,"SERINC2",0.034772,0.489426,"D3"
174,"SPNS2",0.028559,0.48931,"D3"
175,"AQP5",0.02761,0.489043,"D3"
176,"IGFBP4",0.040337,0.488389,"D3"
177,"SLC7A5",0.028336,0.48757,"D3"
178,"TESC",0.030421,0.487466,"D3"
179,"IFITM1",0.039938,0.487036,"D3"
180,"KCNK5",0.030041,0.48686,"D3"
181,"IL1RN",0.027637,0.486779,"D3"
182,"TST",0.028651,0.48626,"D3"
183,"RAPGEFL1",0.027232,0.486157,"D3"
184,"C15orf48",0.02868,0.485167,"D3"
185,"PFKP",0.035924,0.484932,"D3"
186,"STARD10",0.030902,0.483298,"D3"
187,"FOXQ1",0.027247,0.483095,"D3"
188,"REG4",0.031638,0.482739,"D3"
189,"GJB1",0.027046,0.48215,"D3"
190,"SLC29A1",0.032513,0.481096,"D3"
191,"NOTCH3",0.035248,0.48017,"D3"
192,"TRIM16",0.030032,0.479286,"D3"
193,"TAP2",0.034508,0.47772,"D3"
194,"KRT19",0.046641,0.477631,"D3"
195,"CRP",0.028251,0.4767,"D3"
196,"SNHG5",0.028626,0.475723,"D3"
197,"KRT18",0.045956,0.475293,"D3"
198,"CA12",0.027756,0.473385,"D3"
199,"MYEOV",0.026393,0.473214,"D3"
200,"P4HB",0.044087,0.472016,"D3"
201,"VILL",0.031548,0.47163,"D3"
202,"HKDC1",0.029392,0.47104,"D3"
203,"STEAP3",0.029354,0.469805,"D3"
204,"PLEK2",0.027269,0.469637,"D3"
205,"CD68",0.041261,0.467454,"D3"
206,"MAFF",0.028295,0.464625,"D3"
207,"CD9",0.039613,0.46456,"D3"
208,"PLLP",0.025867,0.464171,"D3"
209,"EPHB4",0.032598,0.463258,"D3"
210,"KRT16",0.027817,0.463191,"D3"
211,"ABLIM3",0.02705,0.46152,"D3"
212,"PTPRU",0.028561,0.460646,"D3"
213,"MUC6",0.02814,0.460493,"D3"
214,"FDFT1",0.034074,0.460195,"D3"
215,"GAPDH",0.04566,0.460142,"D3"
216,"EPS8L3",0.027856,0.459698,"D3"
217,"CLDN10",0.029476,0.458603,"D3"
218,"ITPKC",0.030483,0.457664,"D3"
219,"LOXL2",0.032116,0.45158,"D3"
220,"AMIGO2",0.030678,0.451035,"D3"
221,"DUOX2",0.032499,0.451022,"D3"
222,"CLDN4",0.037818,0.450767,"D3"
223,"CAPG",0.039224,0.44976,"D3"
224,"CEACAM5",0.039607,0.449621,"D3"
225,"VWA1",0.032726,0.449394,"D3"
226,"SDC1",0.042835,0.448364,"D3"
227,"KLK11",0.02489,0.447698,"D3"
228,"PERP",0.040167,0.44693,"D3"
229,"ARHGAP23",0.025907,0.445987,"D3"
230,"HPGD",0.026575,0.444866,"D3"
231,"AKR1C3",0.029981,0.444782,"D3"
232,"CRABP2",0.025333,0.444397,"D3"
233,"GRB7",0.024936,0.443653,"D3"
234,"SERPINA4",0.025335,0.443602,"D3"
235,"SLC39A4",0.024274,0.441812,"D3"
236,"FA2H",0.024315,0.441518,"D3"
237,"RPL8",0.044442,0.440784,"D3"
238,"MT1X",0.026738,0.440501,"D3"
239,"TCN1",0.031644,0.439528,"D3"
240,"AKAP1",0.032166,0.438603,"D3"
241,"GJB3",0.024836,0.438261,"D3"
242,"DUOXA2",0.024451,0.438202,"D3"
243,"HLA-DRB5",0.028037,0.43742,"D3"
244,"ARRDC2",0.028963,0.436618,"D3"
245,"OAS1",0.031369,0.436126,"D3"
246,"ADRA2A",0.025286,0.433805,"D3"
247,"NQO1",0.037228,0.433423,"D3"
248,"LRG1",0.024274,0.432672,"D3"
249,"SERPINH1",0.04285,0.432619,"D3"
250,"COL18A1",0.0378,0.431764,"D3"
251,"CERCAM",0.030205,0.430004,"D3"
252,"CA9",0.024116,0.429676,"D3"
253,"CDHR2",0.024237,0.428531,"D3"
254,"ESRP1",0.034059,0.427612,"D3"
255,"CRYZ",0.030295,0.426863,"D3"
256,"TAGLN2",0.039384,0.426631,"D3"
257,"HNF1B",0.023478,0.425623,"D3"
258,"BMP4",0.024064,0.421775,"D3"
259,"MT1E",0.026305,0.420072,"D3"
260,"ANGPTL4",0.025282,0.419196,"D3"
261,"CFB",0.037411,0.419196,"D3"
262,"GDF15",0.022961,0.41871,"D3"
263,"PADI1",0.024509,0.41857,"D3"
264,"TMSB10",0.043981,0.417567,"D3"
265,"B2M",0.044399,0.417262,"D3"
266,"CAV2",0.033704,0.416216,"D3"
267,"CTSH",0.03929,0.415097,"D3"
268,"PABPC1",0.042707,0.414595,"D3"
269,"KRT8",0.043464,0.414332,"D3"
270,"TAP1",0.035526,0.414308,"D3"
1,"SERINC2",0.001098,0.701442,"N1"
2,"SFN",0.000993,0.700084,"N1"
3,"MUC1",0.001159,0.694329,"N1"
4,"CRIP1",0.000974,0.666451,"N1"
5,"HLA-H",0.000998,0.664816,"N1"
6,"CAMK2N1",0.000975,0.662844,"N1"
7,"RPSAP58",0.001125,0.659039,"N1"
8,"C19orf33",0.000971,0.657999,"N1"
9,"WFDC2",0.000905,0.626045,"N1"
10,"MDK",0.001021,0.615904,"N1"
11,"LPCAT4",0.000925,0.611925,"N1"
12,"SLC6A8",0.000835,0.611697,"N1"
13,"MARCKSL1",0.001023,0.608038,"N1"
14,"KLK10",0.000849,0.598821,"N1"
15,"SH3BGRL3",0.001056,0.598051,"N1"
16,"FAM83H",0.000916,0.594326,"N1"
17,"LSR",0.001052,0.593579,"N1"
18,"CREB3L1",0.000962,0.593453,"N1"
19,"INF2",0.001026,0.593394,"N1"
20,"EPS8L1",0.00088,0.592225,"N1"
21,"FXYD5",0.000996,0.580217,"N1"
22,"CAPN5",0.000937,0.575389,"N1"
23,"PRSS8",0.000991,0.574521,"N1"
24,"CSTB",0.001028,0.573423,"N1"
25,"EVPL",0.000816,0.572215,"N1"
26,"MSLN",0.001022,0.571591,"N1"
27,"SEMA4B",0.000979,0.57012,"N1"
28,"PKP3",0.000909,0.568859,"N1"
29,"EFHD2",0.000976,0.567194,"N1"
30,"LTBP4",0.00091,0.563174,"N1"
31,"FA2H",0.000743,0.562791,"N1"
32,"HSPB1",0.001082,0.554638,"N1"
33,"SLC39A4",0.000725,0.554506,"N1"
34,"TSTA3",0.000933,0.553855,"N1"
35,"PDLIM7",0.00093,0.553691,"N1"
36,"JUND",0.000917,0.552844,"N1"
37,"KIAA1522",0.000993,0.551065,"N1"
38,"CYP2S1",0.000789,0.550671,"N1"
39,"IER2",0.00092,0.547732,"N1"
40,"MYADM",0.00098,0.544262,"N1"
41,"ADAP1",0.00079,0.542947,"N1"
42,"SPINT1",0.001008,0.542824,"N1"
43,"GPC1",0.000863,0.541467,"N1"
44,"PROM2",0.00083,0.538391,"N1"
45,"CRIP2",0.000896,0.53816,"N1"
46,"KCNN4",0.000881,0.536198,"N1"
47,"OCIAD2",0.000874,0.535215,"N1"
48,"RAB25",0.000886,0.535021,"N1"
49,"NCOR2",0.000977,0.533921,"N1"
50,"IL2RG",0.000774,0.532985,"N1"
51,"MYH14",0.001051,0.5324,"N1"
52,"FLJ23867",0.00088,0.527596,"N1"
53,"LTBP3",0.000948,0.523725,"N1"
54,"EFNB1",0.000909,0.521684,"N1"
55,"S100A14",0.000946,0.51953,"N1"
56,"EFNA1",0.000871,0.519462,"N1"
57,"EPS8L3",0.000785,0.519102,"N1"
58,"EPB41L1",0.000889,0.515871,"N1"
59,"SYT8",0.000735,0.515221,"N1"
60,"AGPAT2",0.000898,0.513197,"N1"
61,"RAPGEFL1",0.000726,0.509988,"N1"
62,"HMGA1",0.000982,0.509117,"N1"
63,"FUT3",0.000765,0.508125,"N1"
64,"MUC5B",9e-04,0.499493,"N1"
65,"CHPF",0.00097,0.497459,"N1"
66,"PSCA",0.000816,0.497194,"N1"
67,"PDZK1IP1",0.000879,0.495232,"N1"
68,"SDCBP2",0.000811,0.494687,"N1"
69,"GALE",0.00076,0.494594,"N1"
70,"VSIG2",0.000773,0.494404,"N1"
71,"TSPO",0.000939,0.494181,"N1"
72,"ECM1",0.000841,0.493361,"N1"
73,"FOXQ1",0.000695,0.490504,"N1"
74,"TRIM29",0.000945,0.487614,"N1"
75,"B3GNT3",0.000844,0.486042,"N1"
76,"SEMA3B",0.000754,0.483902,"N1"
77,"SLPI",0.000941,0.483714,"N1"
78,"PITX1",0.00058,0.483514,"N1"
79,"MIF",0.000953,0.483195,"N1"
80,"GPX2",0.000949,0.482074,"N1"
81,"BAIAP2L2",0.000603,0.481173,"N1"
82,"EGR1",0.000927,0.480309,"N1"
83,"AGRN",0.001036,0.479858,"N1"
84,"TNS4",0.000777,0.478285,"N1"
85,"LAMA5",0.000919,0.476324,"N1"
86,"CLTB",0.000949,0.473586,"N1"
87,"IL32",0.000925,0.472756,"N1"
88,"LFNG",0.000774,0.471689,"N1"
89,"KLF2",0.000684,0.470461,"N1"
90,"SYNPO",0.000912,0.470313,"N1"
91,"FSCN1",0.000872,0.469145,"N1"
92,"CA9",0.000665,0.466913,"N1"
93,"ERN2",0.000748,0.466705,"N1"
94,"FASN",0.00081,0.460582,"N1"
95,"SCNN1A",0.000903,0.459822,"N1"
96,"IFITM2",0.000925,0.459357,"N1"
97,"CLDN7",0.000861,0.458157,"N1"
98,"MUC20",0.000789,0.45722,"N1"
99,"MST1R",0.000783,0.456319,"N1"
100,"VSTM2L",0.000616,0.456267,"N1"
101,"FXYD3",0.000979,0.450172,"N1"
102,"ALDH3B1",0.000769,0.44841,"N1"
103,"ASS1",0.000883,0.448206,"N1"
104,"TJP3",7e-04,0.447625,"N1"
105,"STARD10",0.000848,0.447581,"N1"
106,"PLA2G16",0.000818,0.447026,"N1"
107,"S100A16",0.001023,0.446816,"N1"
108,"MYEOV",0.000656,0.445169,"N1"
109,"CLIC3",0.000515,0.444381,"N1"
110,"TSPAN15",0.00084,0.443058,"N1"
111,"GJB3",0.000666,0.442749,"N1"
112,"CRABP2",0.000687,0.441322,"N1"
113,"MUC13",0.000843,0.440364,"N1"
114,"CKMT1B",0.000606,0.439625,"N1"
115,"TMC4",0.00082,0.438724,"N1"
116,"MMP15",0.000809,0.435338,"N1"
117,"IL1RN",0.000687,0.435082,"N1"
118,"TFF3",0.000781,0.434009,"N1"
119,"LAD1",0.000991,0.433845,"N1"
120,"ARHGEF16",0.000668,0.432616,"N1"
121,"CX3CL1",0.00072,0.431993,"N1"
122,"HS3ST1",0.00062,0.429532,"N1"
123,"LENG8",0.000899,0.429086,"N1"
124,"LLGL2",0.000856,0.426899,"N1"
125,"TRNP1",0.000686,0.426599,"N1"
126,"AP1M2",0.000768,0.424574,"N1"
127,"MLPH",0.000908,0.423806,"N1"
128,"RPL28",0.001061,0.422779,"N1"
129,"SOX9",0.000837,0.42185,"N1"
130,"CDHR5",0.000569,0.420661,"N1"
131,"CEBPB",0.000799,0.419977,"N1"
132,"MGST1",0.000669,0.417764,"N1"
133,"TINAGL1",0.000915,0.416972,"N1"
134,"MT2A",0.00085,0.41591,"N1"
135,"VWA1",0.000858,0.415565,"N1"
136,"S100P",0.000955,0.41523,"N1"
137,"H1F0",0.000985,0.41506,"N1"
138,"FAM83E",0.000564,0.414794,"N1"
139,"PLEK2",0.000691,0.414765,"N1"
140,"VILL",0.000829,0.414346,"N1"
141,"GRB7",0.000613,0.414328,"N1"
142,"IGSF9",0.000509,0.414061,"N1"
143,"TFF2",0.000727,0.413742,"N1"
144,"TFF1",0.000831,0.413533,"N1"
145,"EPHB4",0.000849,0.412662,"N1"
146,"LY6E",0.001017,0.412364,"N1"
147,"TNFRSF21",0.000956,0.41202,"N1"
148,"KLK11",6e-04,0.4117,"N1"
149,"EPHA2",0.000934,0.409859,"N1"
150,"TNFRSF12A",0.000832,0.409128,"N1"
151,"MMP28",0.000661,0.408079,"N1"
152,"SLC26A9",0.000571,0.408051,"N1"
153,"ZFP36L2",0.000973,0.405832,"N1"
154,"FBP1",0.000717,0.404675,"N1"
155,"SNHG5",0.000693,0.402628,"N1"
156,"KRT80",0.000598,0.399777,"N1"
157,"SLC16A3",0.000928,0.399705,"N1"
158,"AQP5",0.00065,0.399549,"N1"
159,"USH1C",0.000707,0.398103,"N1"
160,"IGF2",0.000712,0.396503,"N1"
161,"CEACAM1",0.000734,0.39622,"N1"
162,"LRP5",0.000837,0.39574,"N1"
163,"SYNGR2",0.000964,0.394094,"N1"
164,"SLC12A7",0.000846,0.393992,"N1"
165,"PER1",0.000742,0.392384,"N1"
166,"SLC44A4",0.000917,0.391127,"N1"
167,"UNC13D",0.000703,0.389237,"N1"
168,"CAPS",0.000579,0.389234,"N1"
169,"CARD11",0.000748,0.389221,"N1"
170,"TMPRSS3",0.000626,0.387918,"N1"
171,"TST",0.000714,0.38682,"N1"
172,"TNRC18",0.000863,0.386383,"N1"
173,"SPON2",0.000836,0.384751,"N1"
174,"SERPING1",0.000965,0.383473,"N1"
175,"SELENBP1",0.000686,0.383467,"N1"
176,"ST14",0.000996,0.383439,"N1"
177,"PLEKHA6",0.000776,0.382497,"N1"
178,"TOB1",0.000768,0.381868,"N1"
179,"DHRS3",0.000827,0.381502,"N1"
180,"ADAM15",0.000896,0.381179,"N1"
181,"GAS6",0.000861,0.378891,"N1"
182,"GDF15",0.000601,0.377305,"N1"
183,"FURIN",0.000893,0.377223,"N1"
184,"SLC7A5",0.000662,0.377058,"N1"
185,"PTGES",0.000577,0.376153,"N1"
186,"PI3",0.000501,0.374116,"N1"
187,"S100A10",0.001043,0.373991,"N1"
188,"MALL",0.00093,0.372611,"N1"
189,"MUC4",0.000701,0.371804,"N1"
190,"RPS16",0.001027,0.369851,"N1"
191,"HTRA3",0.000876,0.369457,"N1"
192,"ZFP36",0.00095,0.368647,"N1"
193,"ID1",0.000785,0.367894,"N1"
194,"DOK4",0.000761,0.366984,"N1"
195,"NBEAL2",0.000833,0.366963,"N1"
196,"JUP",0.001035,0.365885,"N1"
197,"GPRC5C",0.000679,0.365602,"N1"
198,"HSD11B2",0.000526,0.364994,"N1"
199,"SPDEF",0.000497,0.364925,"N1"
200,"SEMA7A",0.000673,0.364791,"N1"
201,"MGLL",0.000925,0.361024,"N1"
202,"C15orf48",0.000659,0.359826,"N1"
203,"CDHR2",0.000589,0.356863,"N1"
204,"CGN",0.00085,0.35654,"N1"
205,"PLXNB3",0.000452,0.356285,"N1"
206,"CXCL17",0.000578,0.355925,"N1"
207,"CYBA",0.000884,0.355376,"N1"
208,"MFGE8",0.000852,0.355304,"N1"
209,"ALDH2",0.00087,0.355219,"N1"
210,"BAIAP2L1",0.000837,0.354587,"N1"
211,"KLK6",0.000614,0.354122,"N1"
212,"SPNS2",0.000677,0.353544,"N1"
213,"KCNK1",0.000663,0.352481,"N1"
214,"ABLIM3",0.000658,0.351414,"N1"
215,"MAFF",0.000708,0.350898,"N1"
216,"FHL2",0.000863,0.350012,"N1"
217,"TCIRG1",0.000806,0.348848,"N1"
218,"BMP4",0.000594,0.348266,"N1"
219,"TNFRSF6B",6e-04,0.347453,"N1"
220,"LCN2",0.000985,0.347063,"N1"
221,"PLLP",0.000617,0.346427,"N1"
222,"IER3",0.000849,0.345799,"N1"
223,"SLC25A6",0.000974,0.345621,"N1"
224,"RPS21",0.000955,0.344292,"N1"
225,"FAM3D",0.000497,0.344004,"N1"
226,"BCL2L1",0.000937,0.343103,"N1"
227,"AGR3",0.000496,0.343062,"N1"
228,"EPHB3",0.000506,0.342969,"N1"
229,"B3GNT7",0.000655,0.342421,"N1"
230,"S100A4",0.000866,0.340201,"N1"
231,"BGN",0.001048,0.336897,"N1"
232,"NPC1L1",0.000512,0.335499,"N1"
233,"TACSTD2",0.000968,0.333773,"N1"
234,"SBNO2",0.000828,0.333763,"N1"
235,"CLDN18",0.000768,0.33375,"N1"
236,"LGALS4",0.000917,0.333733,"N1"
237,"TSPAN13",0.000718,0.331975,"N1"
238,"TESC",0.000736,0.330675,"N1"
239,"ITGB4",0.001029,0.330356,"N1"
240,"AKR1C3",0.000691,0.329859,"N1"
241,"PTPRH",0.000668,0.329028,"N1"
242,"ZFP36L1",0.000968,0.328594,"N1"
243,"MANSC1",0.000611,0.327809,"N1"
244,"TPPP3",0.00052,0.327641,"N1"
245,"MYO7B",0.000497,0.32742,"N1"
246,"KRT17",0.000954,0.327346,"N1"
247,"EEF1A2",0.000488,0.327301,"N1"
248,"ARRDC2",0.00071,0.327,"N1"
249,"TKT",0.000897,0.326934,"N1"
250,"TUBB3",0.000656,0.326576,"N1"
251,"TRIM31",0.000512,0.326431,"N1"
252,"SLC4A11",0.000419,0.325649,"N1"
253,"TXN",0.000852,0.324529,"N1"
254,"DMKN",0.000493,0.324162,"N1"
255,"CLDN4",0.001002,0.323875,"N1"
256,"S100A11",0.001046,0.322561,"N1"
257,"KLF5",0.000893,0.321517,"N1"
258,"SMPD3",0.000494,0.32112,"N1"
259,"GMDS",0.000551,0.321053,"N1"
260,"RHOV",0.000412,0.321033,"N1"
261,"DDR1",0.000952,0.320844,"N1"
262,"PADI1",0.00061,0.320181,"N1"
263,"DUOXA2",0.000605,0.31986,"N1"
264,"APOL1",0.000987,0.319636,"N1"
265,"ERBB2",0.000927,0.319459,"N1"
266,"ISG15",0.000703,0.319267,"N1"
267,"FDFT1",0.000813,0.318647,"N1"
268,"C1orf116",0.00078,0.318604,"N1"
269,"LRRC8A",0.000894,0.318505,"N1"
270,"TCN1",0.000754,0.316842,"N1"
1,"CPA2",0.002495,0.968918,"N2"
2,"CTRC",0.002454,0.953205,"N2"
3,"CELA3A",0.002575,0.935859,"N2"
4,"CTRB1",0.002551,0.931874,"N2"
5,"CPA1",0.002543,0.931249,"N2"
6,"CELA3B",0.002333,0.906221,"N2"
7,"PNLIP",0.002506,0.905526,"N2"
8,"CEL",0.002486,0.89328,"N2"
9,"REG1B",0.002387,0.886537,"N2"
10,"CLPS",0.00227,0.881415,"N2"
11,"PLA2G1B",0.002267,0.880628,"N2"
12,"AMY2A",0.002327,0.874169,"N2"
13,"CTRB2",0.00254,0.866359,"N2"
14,"CELA2A",0.00219,0.850449,"N2"
15,"CPB1",0.002487,0.845206,"N2"
16,"REG3A",0.002394,0.837037,"N2"
17,"GP2",0.002416,0.83072,"N2"
18,"PNLIPRP1",0.002065,0.802149,"N2"
19,"PNLIPRP2",0.001979,0.768519,"N2"
20,"CUZD1",0.001948,0.756694,"N2"
21,"CELA2B",0.001904,0.73952,"N2"
22,"REG3G",0.001861,0.722833,"N2"
23,"PRSS1",0.002386,0.691324,"N2"
24,"KLK1",0.001725,0.652553,"N2"
25,"CTRL",0.001643,0.638022,"N2"
26,"SYCN",0.001618,0.628577,"N2"
27,"PDIA2",0.001511,0.586751,"N2"
28,"AMY2B",0.001777,0.5061,"N2"
29,"ERP27",0.001329,0.492274,"N2"
30,"C6",0.001526,0.472115,"N2"
31,"REG1A",0.002098,0.405009,"N2"
32,"KCNJ16",0.001084,0.392203,"N2"
33,"SLC3A1",0.001602,0.362421,"N2"
34,"FXYD2",0.001462,0.341503,"N2"
35,"AMBP",0.001262,0.335668,"N2"
36,"SLC4A4",0.00171,0.312946,"N2"
37,"ALB",0.000892,0.298341,"N2"
38,"SFRP5",0.001295,0.291496,"N2"
39,"SLC30A2",0.000753,0.28287,"N2"
40,"FGL1",0.000726,0.281909,"N2"
41,"PPY",0.001181,0.261207,"N2"
42,"NR5A2",0.001092,0.256579,"N2"
43,"SERPINA5",0.001494,0.233083,"N2"
44,"ITIH4",0.000806,0.224039,"N2"
45,"HOMER2",0.000964,0.22073,"N2"
46,"CFTR",0.001639,0.207717,"N2"
47,"GC",0.001029,0.195249,"N2"
48,"GATM",0.001603,0.193028,"N2"
49,"TRPV6",0.000969,0.189056,"N2"
50,"F11",0.000545,0.188305,"N2"
51,"KCNJ15",0.001046,0.179046,"N2"
52,"DCDC2",0.000781,0.171256,"N2"
53,"KCNK3",0.000609,0.170205,"N2"
54,"KIAA1324",0.001206,0.165688,"N2"
55,"KIF1A",0.000704,0.161272,"N2"
56,"CRP",0.001335,0.15717,"N2"
57,"LEFTY1",0.000885,0.15449,"N2"
58,"SERPINA6",0.000617,0.151942,"N2"
59,"AKAP7",0.000666,0.151706,"N2"
60,"CTNND2",0.000448,0.147047,"N2"
61,"SLC39A5",0.000641,0.14101,"N2"
62,"SLC17A4",0.000441,0.139764,"N2"
63,"MT1G",0.000776,0.132646,"N2"
64,"HABP2",0.001015,0.132336,"N2"
65,"KIRREL2",0.000413,0.127272,"N2"
66,"SLC38A3",0.000413,0.122926,"N2"
67,"ABCC8",0.000796,0.120356,"N2"
68,"UGT2B15",0.000682,0.119917,"N2"
69,"DPEP1",0.000778,0.114673,"N2"
70,"UGT2A3",0.000716,0.111469,"N2"
71,"CHGB",0.001219,0.111412,"N2"
72,"C4BPA",0.000676,0.100492,"N2"
73,"CBS",0.000498,0.098361,"N2"
74,"APOBEC2",0.000346,0.096898,"N2"
75,"TMEM97",0.001029,0.095797,"N2"
76,"PRSS3",0.001552,0.090913,"N2"
77,"HPN",0.000631,0.089789,"N2"
78,"SLC43A1",0.000735,0.088703,"N2"
79,"INS",0.001627,0.084725,"N2"
80,"FGA",8e-04,0.083519,"N2"
81,"NEURL3",0.000485,0.082143,"N2"
82,"CHST9",0.000389,0.080335,"N2"
83,"BEX1",0.000461,0.080004,"N2"
84,"EPB41L4B",0.000862,0.079626,"N2"
85,"G6PC2",0.000469,0.076473,"N2"
86,"ANPEP",0.001379,0.075563,"N2"
87,"SCTR",0.000927,0.07341,"N2"
88,"CLDN10",0.001181,0.073171,"N2"
89,"SCGN",0.000613,0.071893,"N2"
90,"SLC30A8",0.00093,0.070574,"N2"
91,"LGALS2",0.000519,0.068548,"N2"
92,"TTR",0.001314,0.068262,"N2"
93,"VTN",0.000462,0.066676,"N2"
94,"NTRK2",0.000818,0.061109,"N2"
95,"CRISP3",0.000887,0.056461,"N2"
96,"APCS",0.000684,0.055682,"N2"
97,"WNK2",0.000718,0.054411,"N2"
98,"C2CD4B",0.000368,0.050083,"N2"
99,"ITIH5",0.000922,0.044042,"N2"
100,"VTCN1",0.000562,0.043104,"N2"
101,"GAMT",0.000559,0.039113,"N2"
102,"TFPI2",0.000489,0.034861,"N2"
103,"CYS1",0.000661,0.034634,"N2"
104,"SORBS2",0.001051,0.032807,"N2"
105,"GABRB3",0.000371,0.030906,"N2"
106,"NRCAM",0.000637,0.027644,"N2"
107,"GCG",0.001195,0.02715,"N2"
108,"FGFR3",0.001003,0.025786,"N2"
109,"CHST4",0.000647,0.02359,"N2"
110,"PCSK2",0.000538,0.023174,"N2"
111,"MUC6",0.001352,0.021879,"N2"
112,"PDGFD",0.000908,0.021526,"N2"
113,"ABAT",0.000628,0.021194,"N2"
114,"BNIP3",0.000564,0.021055,"N2"
115,"SPINK1",0.001574,0.02009,"N2"
116,"IAPP",0.000414,0.019659,"N2"
117,"SYBU",0.000667,0.018531,"N2"
118,"TPST2",0.00083,0.015274,"N2"
119,"COLEC11",0.000386,0.008413,"N2"
120,"PDZK1",3e-04,0.008148,"N2"
121,"AOX1",0.000794,0.006787,"N2"
122,"NEUROD1",0.000196,0.002281,"N2"
123,"SCG3",0.000387,-0.001304,"N2"
124,"NCAM1",0.000294,-0.003112,"N2"
125,"GSTA1",0.00056,-0.003268,"N2"
126,"SCG5",0.000876,-0.003555,"N2"
127,"ST8SIA3",0.000491,-0.003633,"N2"
128,"SERPINA4",0.000947,-0.004648,"N2"
129,"FGG",0.000447,-0.00579,"N2"
130,"IL22RA1",0.000825,-0.007912,"N2"
131,"SEMA6A",0.000474,-0.008892,"N2"
132,"HEPACAM2",0.00015,-0.009074,"N2"
133,"ADCYAP1",0.000209,-0.009565,"N2"
134,"FGFR2",0.000673,-0.011277,"N2"
135,"FLRT2",0.001093,-0.015202,"N2"
136,"KIF12",0.000887,-0.016081,"N2"
137,"SV2B",0.000464,-0.017053,"N2"
138,"ARSE",0.000677,-0.017933,"N2"
139,"SYT4",0.000144,-0.018972,"N2"
140,"ADORA1",0.000474,-0.019529,"N2"
141,"DLK1",0.000282,-0.020121,"N2"
142,"ADAMTS8",0.00013,-0.022722,"N2"
143,"BAAT",0.00019,-0.02312,"N2"
144,"CPLX2",0.000316,-0.024443,"N2"
145,"CABP7",0.000121,-0.025038,"N2"
146,"AZGP1",0.001029,-0.027114,"N2"
147,"C16orf89",0.000117,-0.028127,"N2"
148,"GRB10",0.00092,-0.02823,"N2"
149,"FMO5",0.000467,-0.029415,"N2"
150,"NR0B2",0.000209,-0.03062,"N2"
151,"CES1",0.00075,-0.031338,"N2"
152,"SNAP25",0.000168,-0.034608,"N2"
153,"PCSK1",0.000428,-0.034702,"N2"
154,"FAM3B",0.000846,-0.035258,"N2"
155,"ALDH1A2",0.000116,-0.036311,"N2"
156,"PGC",0.000731,-0.036627,"N2"
157,"CASR",0.000529,-0.036893,"N2"
158,"ACE2",0.000276,-0.038839,"N2"
159,"PI16",9.9e-05,-0.039171,"N2"
160,"CHGA",0.000965,-0.039363,"N2"
161,"LYPD1",0.000467,-0.039402,"N2"
162,"NKX2-2",0.000152,-0.039675,"N2"
163,"CXCL6",0.000391,-0.041423,"N2"
164,"METTL7A",0.001039,-0.041823,"N2"
165,"CEACAM7",0.000625,-0.042855,"N2"
166,"KCNK16",0.000148,-0.043282,"N2"
167,"NOSTRIN",0.000458,-0.043866,"N2"
168,"VNN2",0.000354,-0.044668,"N2"
169,"NPTX2",0.00037,-0.045396,"N2"
170,"SLC6A17",0.000119,-0.046376,"N2"
171,"LAMC3",0.000257,-0.046806,"N2"
172,"CACNA2D2",0.000142,-0.047242,"N2"
173,"SCG2",0.000664,-0.048062,"N2"
174,"ANXA9",0.000418,-0.050412,"N2"
175,"PBLD",0.000522,-0.053818,"N2"
176,"CCL14",0.000207,-0.054296,"N2"
177,"NUCB2",0.000802,-0.055705,"N2"
178,"FRAS1",0.000909,-0.056241,"N2"
179,"GPT2",0.000675,-0.056922,"N2"
180,"PSAT1",0.000217,-0.05836,"N2"
181,"TCEA3",0.000801,-0.058859,"N2"
182,"PCDH20",8.6e-05,-0.059374,"N2"
183,"PPP1R1A",0.000123,-0.059817,"N2"
184,"PLP1",3.7e-05,-0.060736,"N2"
185,"C2orf72",0.000509,-0.061046,"N2"
186,"BEX2",0.00021,-0.061572,"N2"
187,"OLFM1",0.000254,-0.061612,"N2"
188,"SLC29A4",0.000308,-0.062388,"N2"
189,"RASD1",0.000442,-0.062708,"N2"
190,"HS6ST1",0.00098,-0.06347,"N2"
191,"AADAC",0.000194,-0.064329,"N2"
192,"MT1M",0.000194,-0.064607,"N2"
193,"TUSC3",0.000717,-0.064664,"N2"
194,"PKHD1",0.001093,-0.06544,"N2"
195,"ABCB1",0.000465,-0.065538,"N2"
196,"BACE1",0.000853,-0.068605,"N2"
197,"SLC7A2",0.000932,-0.069285,"N2"
198,"ITIH2",8.5e-05,-0.069368,"N2"
199,"WDR72",0.000556,-0.07023,"N2"
200,"MMP10",0.000132,-0.071156,"N2"
201,"DEFB1",0.000778,-0.071233,"N2"
202,"THBS4",0.001021,-0.071793,"N2"
203,"TSPAN7",0.000326,-0.072325,"N2"
204,"CAPN6",0.000389,-0.073795,"N2"
205,"DHRS2",8.2e-05,-0.074401,"N2"
206,"SELP",0.000202,-0.074588,"N2"
207,"LTF",0.000856,-0.075716,"N2"
208,"ALDOB",0.000627,-0.076214,"N2"
209,"PPARGC1A",0.000267,-0.078045,"N2"
210,"ASRGL1",0.000398,-0.079453,"N2"
211,"PAX6",0.00019,-0.079915,"N2"
212,"UGT2B7",8.1e-05,-0.080056,"N2"
213,"FBLN5",0.000779,-0.080302,"N2"
214,"MEIS1",0.000743,-0.081378,"N2"
215,"MYOM1",0.000408,-0.082055,"N2"
216,"IMPA2",0.000813,-0.08238,"N2"
217,"EDN3",0.00025,-0.082463,"N2"
218,"ATP13A4",0.000317,-0.083194,"N2"
219,"C6orf222",0.000364,-0.083434,"N2"
220,"RELN",0.000263,-0.085273,"N2"
221,"ACSS1",0.000825,-0.085385,"N2"
222,"PTPRN",0.000593,-0.085516,"N2"
223,"SLC19A3",0.000152,-0.085559,"N2"
224,"FOLR1",0.00029,-0.088034,"N2"
225,"DACT2",0.000122,-0.088861,"N2"
226,"NRG3",4.6e-05,-0.09028,"N2"
227,"RORC",0.000503,-0.090609,"N2"
228,"SLC14A1",5.6e-05,-0.09061,"N2"
229,"CHIT1",0.000232,-0.091194,"N2"
230,"ALDH3A2",0.000921,-0.092966,"N2"
231,"PCK1",2.6e-05,-0.093279,"N2"
232,"CD302",0.000591,-0.093784,"N2"
233,"FREM2",0.000441,-0.093991,"N2"
234,"UNC5CL",0.000748,-0.097053,"N2"
235,"NPNT",0.00093,-0.097739,"N2"
236,"ACACB",0.000585,-0.098548,"N2"
237,"CADPS",0.000517,-0.099645,"N2"
238,"ADH1C",0.000553,-0.099899,"N2"
239,"PAQR5",0.000268,-0.100127,"N2"
240,"PBX1",0.000879,-0.100623,"N2"
241,"CDX2",0.000115,-0.100652,"N2"
242,"FGF19",0.00018,-0.101412,"N2"
243,"GGT1",0.000786,-0.101522,"N2"
244,"RBP1",0.000968,-0.101923,"N2"
245,"ALDH1L1",0.000299,-0.102779,"N2"
246,"FRZB",0.000405,-0.102816,"N2"
247,"CCL19",0.000288,-0.103223,"N2"
248,"CFC1B",0.000218,-0.104008,"N2"
249,"SST",0.000858,-0.10434,"N2"
250,"F2RL2",0.000379,-0.104411,"N2"
251,"PADI2",0.000158,-0.105849,"N2"
252,"PCSK1N",0.000462,-0.106301,"N2"
253,"HEYL",0.000843,-0.106595,"N2"
254,"SRPX",0.00031,-0.106644,"N2"
255,"TNXB",0.000468,-0.106916,"N2"
256,"SELE",1.8e-05,-0.109464,"N2"
257,"NTN4",0.000726,-0.110578,"N2"
258,"DZIP1",0.000607,-0.114084,"N2"
259,"APOC2",6.4e-05,-0.114107,"N2"
260,"DDC",6.9e-05,-0.114491,"N2"
261,"ZBED2",0,-0.115165,"N2"
262,"CCL2",0.000436,-0.115258,"N2"
263,"CCL15",3.5e-05,-0.116096,"N2"
264,"VGF",0.000109,-0.117613,"N2"
265,"HP",0,-0.117994,"N2"
266,"AQP1",0.001316,-0.118063,"N2"
267,"ALOX15B",0,-0.118469,"N2"
268,"APLP1",0.000416,-0.118752,"N2"
269,"C4orf19",0.000498,-0.119366,"N2"
270,"CA2",0.000671,-0.119373,"N2"
1,"DDR2",0.001255,0.916966,"N3"
2,"INHBA",0.001308,0.882825,"N3"
3,"UHMK1",0.001264,0.876823,"N3"
4,"PLXDC2",0.001354,0.853896,"N3"
5,"ADAMTS12",0.001164,0.845291,"N3"
6,"HMCN1",0.00126,0.828676,"N3"
7,"ZDHHC20",0.001163,0.823936,"N3"
8,"RPL9",0.001306,0.802216,"N3"
9,"ABCA1",0.001243,0.784836,"N3"
10,"PLXNC1",0.001084,0.761667,"N3"
11,"SLFN5",0.001159,0.749509,"N3"
12,"KIAA0754",0.001004,0.694554,"N3"
13,"RPS28",0.001087,0.687856,"N3"
14,"EDIL3",0.00103,0.674368,"N3"
15,"IL7R",0.000923,0.66584,"N3"
16,"FAT4",0.001007,0.665151,"N3"
17,"SKIL",0.001156,0.659027,"N3"
18,"DYNC2H1",0.001099,0.658243,"N3"
19,"COL8A1",0.001173,0.646151,"N3"
20,"PTPRC",0.001132,0.640618,"N3"
21,"DOCK11",0.000941,0.633158,"N3"
22,"SYNE1",0.001205,0.621463,"N3"
23,"MRC1",0.00108,0.61811,"N3"
24,"CYBB",0.001112,0.616142,"N3"
25,"DOCK10",0.000953,0.613462,"N3"
26,"RALGAPA2",0.001057,0.611184,"N3"
27,"SAMHD1",0.001099,0.604784,"N3"
28,"WISP1",0.000921,0.6009,"N3"
29,"ITPR2",0.001129,0.595285,"N3"
30,"BICC1",0.001026,0.591119,"N3"
31,"F13A1",0.001137,0.587409,"N3"
32,"ZEB2",0.001033,0.586319,"N3"
33,"SVEP1",0.001048,0.582792,"N3"
34,"ITGA4",0.000893,0.578842,"N3"
35,"MSR1",0.001002,0.578842,"N3"
36,"DPYD",0.000984,0.570307,"N3"
37,"DOCK2",0.000913,0.559843,"N3"
38,"LAMA2",0.001126,0.559577,"N3"
39,"SYNPO2",0.00099,0.559358,"N3"
40,"CCDC88A",0.001,0.557419,"N3"
41,"FBXO32",0.001073,0.546987,"N3"
42,"CEP170",0.001071,0.546427,"N3"
43,"CD163",0.001061,0.542117,"N3"
44,"INPP4B",0.00102,0.534788,"N3"
45,"AKAP2",0.000947,0.532863,"N3"
46,"CNTN1",0.000798,0.530707,"N3"
47,"ADAMTS2",0.000989,0.521064,"N3"
48,"BCAT1",0.000965,0.512587,"N3"
49,"PTPN13",0.000874,0.512384,"N3"
50,"ITGA1",0.001129,0.505075,"N3"
51,"SLIT2",0.000792,0.497125,"N3"
52,"LRRK2",8e-04,0.490495,"N3"
53,"TCF4",0.001084,0.486406,"N3"
54,"ZEB1",0.001021,0.48524,"N3"
55,"PHLDB2",0.000904,0.478985,"N3"
56,"FPR3",0.000767,0.477762,"N3"
57,"ANK2",0.000709,0.472897,"N3"
58,"NCKAP1L",0.000796,0.470606,"N3"
59,"CCL5",0.000855,0.469435,"N3"
60,"KIF26B",0.000902,0.466409,"N3"
61,"DOCK8",0.000854,0.466311,"N3"
62,"BNC2",0.000748,0.465874,"N3"
63,"RASEF",0.000782,0.459913,"N3"
64,"DSE",0.000913,0.459801,"N3"
65,"FGL2",0.000869,0.458294,"N3"
66,"SEMA5A",0.000848,0.455355,"N3"
67,"WDFY4",0.00068,0.444306,"N3"
68,"GBP5",0.000644,0.439403,"N3"
69,"PDE3A",0.000731,0.438376,"N3"
70,"MAN1A1",0.000975,0.434566,"N3"
71,"PDGFRA",0.001112,0.433735,"N3"
72,"CR1",0.00058,0.428774,"N3"
73,"STK17B",0.001003,0.42817,"N3"
74,"MAP1B",0.000987,0.425288,"N3"
75,"SLFN11",0.000857,0.423985,"N3"
76,"HERC2P2",0.00091,0.42199,"N3"
77,"IGF1",0.000694,0.419145,"N3"
78,"GALNT5",0.000912,0.417227,"N3"
79,"RPS26",0.000886,0.416014,"N3"
80,"CCND2",0.000957,0.415632,"N3"
81,"MPEG1",0.000761,0.413213,"N3"
82,"DMD",0.000791,0.412791,"N3"
83,"SAMD9L",0.000918,0.41229,"N3"
84,"SLC1A3",0.000665,0.409492,"N3"
85,"RASSF2",0.000825,0.409453,"N3"
86,"SEMA3C",0.001094,0.408434,"N3"
87,"ITGBL1",0.001014,0.407362,"N3"
88,"CDH11",0.001174,0.406201,"N3"
89,"GOLGA8B",0.000832,0.405664,"N3"
90,"FGF7",0.000654,0.405443,"N3"
91,"MIAT",0.000663,0.403342,"N3"
92,"CYP1B1",0.000907,0.40309,"N3"
93,"COL14A1",0.001022,0.398143,"N3"
94,"DIO2",0.000813,0.395041,"N3"
95,"VGLL3",0.000743,0.388449,"N3"
96,"MS4A7",0.000746,0.384591,"N3"
97,"KLHL6",0.000609,0.384364,"N3"
98,"FCGR2A",0.000944,0.383815,"N3"
99,"NEB",0.000588,0.383195,"N3"
100,"OSMR",0.000985,0.382889,"N3"
101,"EPHA3",0.000812,0.381279,"N3"
102,"PDE4B",0.000643,0.378053,"N3"
103,"NFKBIZ",0.000849,0.374546,"N3"
104,"CELF2",0.000678,0.374528,"N3"
105,"PAPPA",0.000624,0.373209,"N3"
106,"ARID5B",0.000957,0.373101,"N3"
107,"CILP",0.000719,0.372843,"N3"
108,"FAP",0.000977,0.372008,"N3"
109,"LIFR",0.000696,0.36697,"N3"
110,"MALAT1",0.001188,0.365157,"N3"
111,"SGCD",0.000641,0.365111,"N3"
112,"PCDH7",0.000943,0.361476,"N3"
113,"IL16",0.000728,0.359389,"N3"
114,"EHF",0.001007,0.359033,"N3"
115,"IDO1",0.000548,0.358732,"N3"
116,"MACC1",0.000981,0.355897,"N3"
117,"SPON1",0.000986,0.355725,"N3"
118,"FRY",0.00082,0.354414,"N3"
119,"AKAP12",0.001048,0.352598,"N3"
120,"CDK6",0.000984,0.351175,"N3"
121,"ITGB8",0.000964,0.350821,"N3"
122,"COL11A1",0.001146,0.348989,"N3"
123,"FAM135A",0.00076,0.34884,"N3"
124,"MYH10",0.000951,0.348419,"N3"
125,"SAMD9",0.000987,0.341073,"N3"
126,"FERMT2",0.000875,0.339578,"N3"
127,"CDK14",0.00079,0.338712,"N3"
128,"NOMO2",0.00095,0.338301,"N3"
129,"GPC6",0.000725,0.337603,"N3"
130,"IKZF1",0.000573,0.337035,"N3"
131,"MBOAT2",9e-04,0.336344,"N3"
132,"CPVL",0.000721,0.333597,"N3"
133,"FMO2",0.000535,0.332771,"N3"
134,"MFAP5",0.000855,0.332566,"N3"
135,"FCGR3A",0.000942,0.331715,"N3"
136,"PDE5A",8e-04,0.331471,"N3"
137,"ASPN",0.000978,0.330198,"N3"
138,"MS4A6A",0.000736,0.329006,"N3"
139,"FRMD6",0.000935,0.328768,"N3"
140,"EPPK1",0.000797,0.327666,"N3"
141,"SLA",0.000705,0.325417,"N3"
142,"ABCA8",0.000578,0.323956,"N3"
143,"CALCRL",0.000666,0.323438,"N3"
144,"ALDH1L2",0.000615,0.323239,"N3"
145,"LAMA4",0.00109,0.321983,"N3"
146,"BIRC3",0.001025,0.321571,"N3"
147,"NFIB",0.000839,0.321247,"N3"
148,"ADAM10",0.001044,0.321167,"N3"
149,"OMD",0.000479,0.319152,"N3"
150,"ATP8A1",0.000644,0.317528,"N3"
151,"MYLK",0.001053,0.316769,"N3"
152,"ADAM12",0.000819,0.316698,"N3"
153,"TRIM22",0.000891,0.314994,"N3"
154,"STAB1",0.000906,0.313494,"N3"
155,"CD109",0.00086,0.313372,"N3"
156,"EFEMP1",0.000992,0.312279,"N3"
157,"COLEC12",0.000676,0.311503,"N3"
158,"DDX60",0.000915,0.311218,"N3"
159,"GPR183",0.000584,0.307621,"N3"
160,"FAM198B",0.000976,0.305524,"N3"
161,"SLCO2B1",0.000865,0.305179,"N3"
162,"PRRX1",0.000889,0.304801,"N3"
163,"TNIK",0.000723,0.303458,"N3"
164,"IFI44L",0.000774,0.302433,"N3"
165,"ARRDC3",0.001017,0.302175,"N3"
166,"ECM2",0.000588,0.302124,"N3"
167,"FILIP1L",0.000884,0.301893,"N3"
168,"NUAK1",0.000783,0.301271,"N3"
169,"FAM129A",0.000791,0.299842,"N3"
170,"CYTIP",0.000581,0.29814,"N3"
171,"EGFR",0.000732,0.297951,"N3"
172,"PRKCB",0.000481,0.297354,"N3"
173,"SIPA1L2",0.000775,0.294396,"N3"
174,"ITK",0.000426,0.294212,"N3"
175,"SSPN",0.000744,0.293443,"N3"
176,"RHOBTB3",0.000823,0.293367,"N3"
177,"GBP1",0.000791,0.293358,"N3"
178,"PLEK",0.000562,0.293043,"N3"
179,"ZNF532",0.000907,0.292362,"N3"
180,"RNF144A",0.000745,0.290477,"N3"
181,"RCSD1",0.000546,0.290154,"N3"
182,"INMT",0.000622,0.288951,"N3"
183,"GBP4",0.000769,0.283643,"N3"
184,"MSRB3",0.000811,0.283597,"N3"
185,"PRUNE2",0.000534,0.282774,"N3"
186,"FOXO1",0.000836,0.281919,"N3"
187,"ADAMTS9",0.000708,0.281223,"N3"
188,"PARP14",0.001086,0.2796,"N3"
189,"GOLGA8A",0.000837,0.276518,"N3"
190,"LCP1",0.000982,0.275614,"N3"
191,"EDEM3",0.000942,0.272719,"N3"
192,"EDNRA",0.000782,0.271812,"N3"
193,"ARHGAP29",0.000686,0.271471,"N3"
194,"MOXD1",0.000699,0.271206,"N3"
195,"PGM2L1",0.000815,0.270252,"N3"
196,"CHL1",0.000394,0.269534,"N3"
197,"AOAH",0.000441,0.269518,"N3"
198,"VCAM1",0.000831,0.269367,"N3"
199,"VSIG4",0.00065,0.266353,"N3"
200,"C1QTNF3",0.000754,0.266239,"N3"
201,"SCN7A",0.000528,0.266162,"N3"
202,"DCBLD2",0.000945,0.265536,"N3"
203,"IL1RAP",0.000745,0.264408,"N3"
204,"RDX",0.000765,0.26176,"N3"
205,"PPP1R12B",0.000846,0.261298,"N3"
206,"CENPF",0.000769,0.255744,"N3"
207,"CPA3",0.000529,0.255613,"N3"
208,"DCLK1",0.000413,0.255488,"N3"
209,"CSF1R",0.000774,0.253221,"N3"
210,"RSAD2",0.000624,0.252687,"N3"
211,"KIAA1324L",0.000403,0.248915,"N3"
212,"GREM1",0.001067,0.248591,"N3"
213,"NOTCH2",0.001066,0.247601,"N3"
214,"CHRDL1",0.00048,0.246419,"N3"
215,"FNDC3B",0.001045,0.245926,"N3"
216,"FBN1",0.001163,0.244831,"N3"
217,"STEAP2",0.000821,0.244713,"N3"
218,"SGMS2",0.000836,0.244501,"N3"
219,"CIITA",0.000577,0.244027,"N3"
220,"LOX",0.000805,0.242697,"N3"
221,"DOCK9",9e-04,0.242393,"N3"
222,"ENPP2",0.000732,0.241466,"N3"
223,"CD93",0.000926,0.24134,"N3"
224,"HBB",0.000466,0.241102,"N3"
225,"PLOD2",0.000941,0.24078,"N3"
226,"MUC16",0.000816,0.24063,"N3"
227,"ITGAM",0.00062,0.238359,"N3"
228,"SLC7A11",0.000592,0.238336,"N3"
229,"ELL2",0.000816,0.238304,"N3"
230,"COL10A1",0.001079,0.238029,"N3"
231,"TGFBR1",0.00094,0.237259,"N3"
232,"NRP1",0.000996,0.236339,"N3"
233,"SORBS1",0.000725,0.235676,"N3"
234,"RASA1",0.000808,0.234207,"N3"
235,"IL10RA",0.000605,0.233968,"N3"
236,"ETV1",0.000654,0.233309,"N3"
237,"PTGIS",0.000792,0.232337,"N3"
238,"COL4A4",0.000406,0.232222,"N3"
239,"TNFAIP3",0.000805,0.231215,"N3"
240,"IRF6",0.000779,0.231078,"N3"
241,"RGS1",0.000849,0.230894,"N3"
242,"TACC1",0.001015,0.229678,"N3"
243,"CFH",0.00102,0.2291,"N3"
244,"SYNE2",0.001099,0.228839,"N3"
245,"SRGN",0.000899,0.228827,"N3"
246,"SORL1",0.000995,0.228181,"N3"
247,"CD53",0.000706,0.227409,"N3"
248,"HEG1",0.000896,0.226986,"N3"
249,"MTAP",0.000582,0.226974,"N3"
250,"ZBTB16",0.000502,0.226622,"N3"
251,"FLT1",0.000812,0.225453,"N3"
252,"SLC2A3",0.000924,0.225064,"N3"
253,"PDGFC",0.000824,0.224513,"N3"
254,"SLC28A3",0.000455,0.222438,"N3"
255,"TMEM200A",0.000571,0.222004,"N3"
256,"NID2",0.000688,0.22174,"N3"
257,"C7",0.000938,0.221469,"N3"
258,"NCF2",0.00064,0.220463,"N3"
259,"IL2RA",0.000362,0.218849,"N3"
260,"SLK",0.001003,0.216803,"N3"
261,"HLA-DQA1",0.000822,0.215882,"N3"
262,"CD69",0.000383,0.215752,"N3"
263,"EPHA4",0.000615,0.213775,"N3"
264,"ITGA2",0.001048,0.212909,"N3"
265,"CCDC80",0.001064,0.212721,"N3"
266,"PRICKLE1",0.00052,0.212124,"N3"
267,"LRIG3",0.00075,0.212055,"N3"
268,"GRAMD1B",0.000459,0.211313,"N3"
269,"IL33",0.000427,0.210828,"N3"
270,"HLA-DOA",0.000612,0.210519,"N3"
